{
    "0_sim_allcdfs_TC1.png": [
        326.92287084500003,
        497.252169655
    ],
    "0_sim_allcdfs_TC2.png": [
        194.13125417,
        245.76879903
    ],
    "0_sim_allcdfs_TC3.png": [
        259.74202643,
        370.76580677
    ],
    "0_sim_allcdfs_TC4.png": [
        186.281389465,
        233.169658035
    ],
    "0_sim_allcdfs_TC5.png": [
        164.567330995,
        187.990695905
    ],
    "0_sim_allcdfs_TC6.png": [
        274.092776315,
        408.480512985
    ],
    "0_sim_allcdfs_TC7.png": [
        308.24318385,
        464.77108835
    ],
    "0_sim_allcdfs_TC8.png": [
        173.866156715,
        205.281916585
    ],
    "0_sim_allcdfs_TC9.png": [
        232.07423135500002,
        317.961037745
    ],
    "0_sim_allcdfs_TC10.png": [
        179.736319465,
        218.289309435
    ],
    "0_sim_allcdfs_CV.png": [
        75.195147646,
        86.847525394
    ],
    "2_dextremes_wcdfs_TC3.png": [
        259.5317501138821,
        375.1816094084759
    ],
    "2_dextremes_wcdfs_TC5.png": [
        164.567330995,
        187.990695905
    ],
    "2_dextremes_wcdfs_TC6.png": [
        274.0924801433923,
        408.4867325887612
    ],
    "2_dextremes_wcdfs_TC8.png": [
        173.86594368656029,
        205.28639018223413
    ],
    "2_dextremes_wcdfs_TC9.png": [
        232.11433813601346,
        317.968182343717
    ],
    "2_dextremes_wcdfs_TC10.png": [
        169.07195859981977,
        218.79713614286572
    ],
    "2_dextremes_wcdfs_TC2.png": [
        194.13125417,
        245.76879903
    ],
    "2_dextremes_wcdfs_CV.png": [
        75.15904276179444,
        87.60572796231678
    ],
    "3_mavm_dplusmax_TC3.png": [
        259.6801945650173,
        372.0642759346368
    ],
    "4_mavm_dminusmax_TC3.png": [
        259.5317501138821,
        375.1816094084759
    ],
    "5_dextremes_wcdfs_TC3.png": [
        259.6801945650173,
        372.0642759346368
    ],
    "3_mavm_dplusmax_TC5.png": [
        164.567330995,
        187.990695905
    ],
    "4_mavm_dminusmax_TC5.png": [
        164.567330995,
        187.990695905
    ],
    "5_dextremes_wcdfs_TC5.png": [
        164.567330995,
        187.990695905
    ],
    "3_mavm_dplusmax_TC6.png": [
        274.092776315,
        408.480512985
    ],
    "4_mavm_dminusmax_TC6.png": [
        274.0924801433923,
        408.4867325887612
    ],
    "5_dextremes_wcdfs_TC6.png": [
        274.0924801433923,
        408.4867325887612
    ],
    "3_mavm_dplusmax_TC8.png": [
        173.866156715,
        205.281916585
    ],
    "4_mavm_dminusmax_TC8.png": [
        173.86594368656029,
        205.28639018223413
    ],
    "5_dextremes_wcdfs_TC8.png": [
        173.86594368656029,
        205.28639018223413
    ],
    "3_mavm_dplusmax_TC9.png": [
        232.11477028,
        317.95910732
    ],
    "4_mavm_dminusmax_TC9.png": [
        232.11433813601346,
        317.968182343717
    ],
    "5_dextremes_wcdfs_TC9.png": [
        232.11433813601346,
        317.968182343717
    ],
    "3_mavm_dplusmax_TC10.png": [
        178.09781220991377,
        218.3673335900041
    ],
    "4_mavm_dminusmax_TC10.png": [
        169.07195859981977,
        218.79713614286572
    ],
    "5_dextremes_wcdfs_TC10.png": [
        169.07195859981977,
        218.79713614286572
    ],
    "3_mavm_dplusmax_TC2.png": [
        194.13125417,
        245.76879903
    ],
    "4_mavm_dminusmax_TC2.png": [
        194.13125417,
        245.76879903
    ],
    "5_dextremes_wcdfs_TC2.png": [
        194.13125417,
        245.76879903
    ],
    "3_mavm_dplusmax_CV.png": [
        75.15904276179444,
        87.60572796231678
    ],
    "4_mavm_dminusmax_CV.png": [
        75.195147646,
        86.847525394
    ],
    "5_dextremes_wcdfs_CV.png": [
        75.15904276179444,
        87.60572796231678
    ]
}