{
    "max": 0.011721029306789406,
    "min": 0.005906376902470454,
    "med": 0.008391518728706056,
    "max_flat": 64933,
    "min_flat": 18265,
    "med_flat": 82301,
    "max_inds": [
        162,
        133
    ],
    "min_inds": [
        45,
        265
    ],
    "med_inds": [
        205,
        301
    ]
}