{
    "max": 0.010939911412730652,
    "min": 0.0064463255471692935,
    "med": 0.00846112646911408,
    "max_flat": 3186,
    "min_flat": 4315,
    "med_flat": 2504,
    "max_inds": [
        31,
        86
    ],
    "min_inds": [
        43,
        15
    ],
    "med_inds": [
        25,
        4
    ]
}