$MeshFormat
4.1 0 8
$EndMeshFormat
$PhysicalNames
5
2 1 "bc-top-heatflux"
2 2 "bc-pipe-heattransf"
3 3 "pipe-cucrzr"
3 4 "interlayer-cu"
3 5 "armour-w"
$EndPhysicalNames
$Entities
46 97 65 14
5 0 0.025 0 0 
6 -0.0125 0.025 0 0 
8 0.0125 0.025 0 0 
10 0 0.033 0 0 
11 -0.0125 0.033 0 0 
12 0.0125 0.033 0 0 
13 -0.0125 0.0125 0 0 
14 -0.0125 0 0 0 
15 -0.0095 0.01249999999999975 0 0 
16 -3.257238178497133e-16 0.003000000000000001 0 0 
17 0 0 0 0 
18 -0.0075 0.01249999999999975 0 0 
19 1.263381247098149e-17 0.005000000000000001 0 0 
20 -0.006 0.01249999999999975 0 0 
21 -1.870685591966426e-16 0.006500000000000001 0 0 
22 6.0582921541222e-18 0.02 0 0 
23 -1.889983063762546e-16 0.0185 0 0 
24 -3.256151152639172e-16 0.022 0 0 
25 0.006 0.0125 0 0 
26 0.0075 0.0125 0 0 
27 0.0095 0.0125 0 0 
28 0.0125 0.0125 0 0 
29 0.0125 0 0 0 
30 0 0.025 0.012 0 
31 -0.0125 0.025 0.012 0 
32 0 0.033 0.012 0 
33 -0.0125 0.033 0.012 0 
34 0.0125 0.025 0.012 0 
35 0.0125 0.033 0.012 0 
36 -0.0125 0.0125 0.012 0 
37 -0.0125 0 0.012 0 
38 -0.0095 0.01249999999999975 0.012 0 
39 -3.257238178497133e-16 0.003000000000000001 0.012 0 
40 0 0 0.012 0 
41 -0.0075 0.01249999999999975 0.012 0 
42 1.263381247098149e-17 0.005000000000000001 0.012 0 
43 -0.006 0.01249999999999975 0.012 0 
44 -1.870685591966426e-16 0.006500000000000001 0.012 0 
45 6.0582921541222e-18 0.02 0.012 0 
46 -1.889983063762546e-16 0.0185 0.012 0 
47 -3.256151152639172e-16 0.022 0.012 0 
48 0.006 0.0125 0.012 0 
49 0.0075 0.0125 0.012 0 
50 0.0095 0.0125 0.012 0 
51 0.0125 0.0125 0.012 0 
52 0.0125 0 0.012 0 
6 -0.0125001 0.0249999 -1.000000000008674e-07 1.000000000011408e-07 0.0250001 1.000000000008674e-07 0 2 5 -6 
10 -1.000000000002735e-07 0.0249999 -1e-07 0.0125001 0.0250001 1e-07 0 2 8 -5 
13 -1e-07 0.0249999 -1e-07 1e-07 0.0330001 1e-07 0 2 5 -10 
14 -0.0125001 0.0329999 -1e-07 1.000000000002735e-07 0.0330001 1e-07 0 2 10 -11 
15 -0.0125001 0.0249999 -1e-07 -0.0124999 0.0330001 1e-07 0 2 11 -6 
16 0.0124999 0.0249999 -1e-07 0.0125001 0.0330001 1e-07 0 2 8 -12 
17 -1.000000000002735e-07 0.0329999 -1e-07 0.0125001 0.0330001 1e-07 0 2 12 -10 
18 -0.0125001 -1.000000000002735e-07 -1e-07 -0.0124999 0.0125001 1e-07 0 2 13 -14 
19 -0.0125001 0.0124999 -1.000000000008674e-07 -0.009499899999999999 0.0125001 1.000000000008674e-07 0 2 15 -13 
20 -0.009500099999999999 0.002999900000000002 -1e-07 9.99999996689413e-08 0.0125001 1e-07 0 2 15 -16 
21 -1.000000000008674e-07 -1.00000000000924e-07 -1.000000000008674e-07 1.000000000008674e-07 0.003000100000000002 1.000000000008674e-07 0 2 17 -16 
22 -0.0125001 -1e-07 -1e-07 1.000000000002735e-07 1e-07 1e-07 0 2 14 -17 
23 -0.009500100000000001 0.0124999 -1.000000000008674e-07 -0.007499899999999999 0.0125001 1.000000000008674e-07 0 2 18 -15 
24 -0.0075001 0.004999900000000001 -1e-07 1.000000000119829e-07 0.0125001 1e-07 0 2 18 -19 
25 -1.000000000008674e-07 0.0029999 -1.000000000008674e-07 1.000000000008674e-07 0.005000100000000002 1.000000000008674e-07 0 2 16 -19 
26 -0.007500100000000001 0.0124999 -1.000000000008674e-07 -0.005999899999999999 0.0125001 1.000000000008674e-07 0 2 20 -18 
27 -0.0060001 0.0064999 -1e-07 9.999999981248966e-08 0.0125001 1e-07 0 2 20 -21 
28 -1.000000000008674e-07 0.0049999 -1.000000000008674e-07 1.000000000008674e-07 0.006500100000000002 1.000000000008674e-07 0 2 19 -21 
29 -0.0075001 0.0124999 -1e-07 1.000000000054777e-07 0.0200001 1e-07 0 2 22 -18 
30 -1e-07 0.0184999 -1e-07 1e-07 0.0200001 1e-07 0 2 23 -22 
31 -0.0060001 0.0124999 -1e-07 9.999999981118862e-08 0.0185001 1e-07 0 2 23 -20 
32 -0.009500099999999999 0.0124999 -1e-07 9.999999967327811e-08 0.0220001 1e-07 0 2 24 -15 
33 -1e-07 0.0199999 -1e-07 1e-07 0.0220001 1e-07 0 2 22 -24 
34 -0.0125001 0.0124999 -1e-07 -0.0124999 0.0250001 1e-07 0 2 6 -13 
35 -1e-07 0.0219999 -1e-07 1e-07 0.0250001 1e-07 0 2 24 -5 
36 -1.000000001889247e-07 0.0124999 -1e-07 0.0060001 0.0185001 1e-07 0 2 25 -23 
37 -9.999999999463563e-08 0.0124999 -1e-07 0.0075001 0.0200001 1e-07 0 2 26 -22 
38 0.005999899999999999 0.0124999 -1.000000000008674e-07 0.007500100000000001 0.0125001 1.000000000008674e-07 0 2 25 -26 
39 -1.000000003264015e-07 0.0124999 -1e-07 0.009500099999999999 0.0220001 1e-07 0 2 27 -24 
40 0.007499899999999999 0.0124999 -1.000000000008674e-07 0.009500100000000001 0.0125001 1.000000000008674e-07 0 2 26 -27 
41 0.0124999 0.0124999 -1e-07 0.0125001 0.0250001 1e-07 0 2 28 -8 
42 0.009499899999999999 0.0124999 -1.000000000008674e-07 0.0125001 0.0125001 1.000000000008674e-07 0 2 27 -28 
43 -1.000000003307383e-07 0.002999900000000002 -1e-07 0.009500099999999999 0.0125001 1e-07 0 2 16 -27 
44 0.0124999 -1.000000000002735e-07 -1e-07 0.0125001 0.0125001 1e-07 0 2 29 -28 
45 -1.000000000002735e-07 -1e-07 -1e-07 0.0125001 1e-07 1e-07 0 2 17 -29 
46 -9.999999998813042e-08 0.004999900000000001 -1e-07 0.0075001 0.0125001 1e-07 0 2 19 -26 
47 -1.000000001876236e-07 0.0064999 -1e-07 0.0060001 0.0125001 1e-07 0 2 21 -25 
48 -1.000000000043368e-07 0.0249999 -1.000000000046103e-07 1.000000000043368e-07 0.0250001 0.0120001 0 2 5 -30 
49 -0.01250010000000001 0.0249999 -1.000000000046103e-07 -0.0124999 0.02500010000000001 0.0120001 0 2 6 -31 
50 -0.0125001 0.0249999 0.0119999 1.000000000011408e-07 0.0250001 0.0120001 0 2 30 -31 
51 -1e-07 0.0329999 -1.000000000002735e-07 1e-07 0.0330001 0.0120001 0 2 10 -32 
52 -1e-07 0.0249999 0.0119999 1e-07 0.0330001 0.0120001 0 2 30 -32 
53 -0.0125001 0.0329999 -1.000000000002735e-07 -0.0124999 0.0330001 0.0120001 0 2 11 -33 
54 -0.0125001 0.0329999 0.0119999 1.000000000002735e-07 0.0330001 0.0120001 0 2 32 -33 
55 -0.0125001 0.0249999 0.0119999 -0.0124999 0.0330001 0.0120001 0 2 33 -31 
56 0.0124999 0.0249999 -1.000000000002735e-07 0.0125001 0.0250001 0.0120001 0 2 8 -34 
57 -1.000000000002735e-07 0.0249999 0.0119999 0.0125001 0.0250001 0.0120001 0 2 34 -30 
58 0.0124999 0.0329999 -1.000000000002735e-07 0.0125001 0.0330001 0.0120001 0 2 12 -35 
59 0.0124999 0.0249999 0.0119999 0.0125001 0.0330001 0.0120001 0 2 34 -35 
60 -1.000000000002735e-07 0.0329999 0.0119999 0.0125001 0.0330001 0.0120001 0 2 35 -32 
61 -0.01250010000000001 0.0124999 -1.000000000037429e-07 -0.0124999 0.01250010000000001 0.0120001 0 2 13 -36 
62 -0.0125001 -1e-07 -1.000000000002735e-07 -0.0124999 1e-07 0.0120001 0 2 14 -37 
63 -0.0125001 -1.000000000002735e-07 0.0119999 -0.0124999 0.0125001 0.0120001 0 2 36 -37 
64 -0.009500100000000249 0.0124998999999995 -1.000000002500737e-07 -0.009499899999999751 0.0125001 0.01200010000000025 0 2 15 -38 
65 -0.0125001 0.0124999 0.0119999 -0.009499899999999999 0.0125001 0.0120001 0 2 38 -36 
66 -1.00000000652315e-07 0.002999899999999675 -1.000000003264015e-07 1.000000000008674e-07 0.003000100000000327 0.01200010000000033 0 2 16 -39 
67 -0.009500099999999999 0.002999900000000002 0.0119999 9.99999996689413e-08 0.0125001 0.0120001 0 2 38 -39 
68 -1.000000000008674e-07 -1.000000000008674e-07 -1.000000000011408e-07 1.000000000008674e-07 1.000000000008674e-07 0.0120001 0 2 17 -40 
69 -1.000000000008674e-07 -1.00000000000924e-07 0.0119999 1.000000000008674e-07 0.003000100000000002 0.0120001 0 2 40 -39 
70 -0.0125001 -1e-07 0.0119999 1.000000000002735e-07 1e-07 0.0120001 0 2 37 -40 
71 -0.00750010000000025 0.0124998999999995 -1.000000002500737e-07 -0.00749989999999975 0.0125001 0.01200010000000025 0 2 18 -41 
72 -0.009500100000000001 0.0124999 0.0119999 -0.007499899999999999 0.0125001 0.0120001 0 2 41 -38 
73 -1.000000000008674e-07 0.004999899999999988 -1.000000000132839e-07 1.00000000026135e-07 0.005000100000000014 0.01200010000000001 0 2 19 -42 
74 -0.0075001 0.004999900000000001 0.0119999 1.000000000119829e-07 0.0125001 0.0120001 0 2 41 -42 
75 -1.000000000008674e-07 0.0029999 0.0119999 1.000000000008674e-07 0.005000100000000002 0.0120001 0 2 39 -42 
76 -0.006000100000000251 0.0124998999999995 -1.00000000250941e-07 -0.005999899999999749 0.0125001 0.01200010000000025 0 2 20 -43 
77 -0.007500100000000001 0.0124999 0.0119999 -0.005999899999999999 0.0125001 0.0120001 0 2 43 -41 
78 -1.000000003750045e-07 0.006499899999999813 -1.000000001876236e-07 1.000000000008674e-07 0.006500100000000188 0.01200010000000019 0 2 21 -44 
79 -0.0060001 0.0064999 0.0119999 9.999999981248966e-08 0.0125001 0.0120001 0 2 43 -44 
80 -1.000000000008674e-07 0.0049999 0.0119999 1.000000000008674e-07 0.006500100000000002 0.0120001 0 2 42 -44 
81 -1e-07 0.01999989999999999 -1.00000000006345e-07 1.000000000121166e-07 0.02000010000000001 0.01200010000000001 0 2 22 -45 
82 -0.0075001 0.0124999 0.0119999 1.000000000054777e-07 0.0200001 0.0120001 0 2 45 -41 
83 -1.000000003779966e-07 0.01849989999999981 -1.000000001893583e-07 1e-07 0.01850010000000019 0.01200010000000019 0 2 23 -46 
84 -1e-07 0.0184999 0.0119999 1e-07 0.0200001 0.0120001 0 2 46 -45 
85 -0.0060001 0.0124999 0.0119999 9.999999981118862e-08 0.0185001 0.0120001 0 2 46 -43 
86 -1.000000006512302e-07 0.02199989999999967 -1.000000003255341e-07 1e-07 0.02200010000000032 0.01200010000000033 0 2 24 -47 
87 -0.009500099999999999 0.0124999 0.0119999 9.999999967327811e-08 0.0220001 0.0120001 0 2 47 -38 
88 -1e-07 0.0199999 0.0119999 1e-07 0.0220001 0.0120001 0 2 45 -47 
89 -0.0125001 0.0124999 0.0119999 -0.0124999 0.0250001 0.0120001 0 2 31 -36 
90 -1e-07 0.0219999 0.0119999 1e-07 0.0250001 0.0120001 0 2 47 -30 
91 0.005999899999999999 0.0124999 -1.000000000011408e-07 0.006000100000000001 0.0125001 0.0120001 0 2 25 -48 
92 -1.000000001889247e-07 0.0124999 0.0119999 0.0060001 0.0185001 0.0120001 0 2 48 -46 
93 0.007499899999999999 0.0124999 -1.000000000011408e-07 0.007500100000000001 0.0125001 0.0120001 0 2 26 -49 
94 -9.999999999463563e-08 0.0124999 0.0119999 0.0075001 0.0200001 0.0120001 0 2 49 -45 
95 0.005999899999999999 0.0124999 0.0119999 0.007500100000000001 0.0125001 0.0120001 0 2 48 -49 
96 0.009499899999999999 0.0124999 -1.000000000011408e-07 0.009500100000000001 0.0125001 0.0120001 0 2 27 -50 
97 -1.000000003264015e-07 0.0124999 0.0119999 0.009500099999999999 0.0220001 0.0120001 0 2 50 -47 
98 0.007499899999999999 0.0124999 0.0119999 0.009500100000000001 0.0125001 0.0120001 0 2 49 -50 
99 0.0124999 0.0124999 -1.000000000037429e-07 0.01250010000000001 0.01250010000000001 0.0120001 0 2 28 -51 
100 0.0124999 0.0124999 0.0119999 0.0125001 0.0250001 0.0120001 0 2 51 -34 
101 0.009499899999999999 0.0124999 0.0119999 0.0125001 0.0125001 0.0120001 0 2 50 -51 
102 -1.000000003307383e-07 0.002999900000000002 0.0119999 0.009500099999999999 0.0125001 0.0120001 0 2 39 -50 
103 0.0124999 -1e-07 -1.000000000002735e-07 0.0125001 1e-07 0.0120001 0 2 29 -52 
104 0.0124999 -1.000000000002735e-07 0.0119999 0.0125001 0.0125001 0.0120001 0 2 52 -51 
105 -1.000000000002735e-07 -1e-07 0.0119999 0.0125001 1e-07 0.0120001 0 2 40 -52 
106 -9.999999998813042e-08 0.004999900000000001 0.0119999 0.0075001 0.0125001 0.0120001 0 2 42 -49 
107 -1.000000001876236e-07 0.0064999 0.0119999 0.0060001 0.0125001 0.0120001 0 2 44 -48 
17 -0.0125001 0.0249999 -1.000000000008674e-07 1.000000000011408e-07 0.0330001 1.000000000008674e-07 0 4 -6 13 14 15 
21 -1.000000000002735e-07 0.0249999 -1e-07 0.0125001 0.0330001 1e-07 0 4 -10 16 17 -13 
22 -0.0125001 -1.000000000011408e-07 -1.000000000008674e-07 1.000000000011408e-07 0.0125001 1.000000000008674e-07 0 5 18 22 21 -20 19 
23 -0.009500100000000001 0.0029999 -1.000000000008674e-07 1.000000000124165e-07 0.0125001 1.000000000008674e-07 0 4 20 25 -24 23 
24 -0.007500100000000001 0.0049999 -1.000000000008674e-07 1.000000000128502e-07 0.0125001 1.000000000008674e-07 0 4 24 28 -27 26 
25 -0.007500100000000001 0.0124999 -1.000000000008674e-07 1.00000000006345e-07 0.0200001 1.000000000008674e-07 0 4 -26 -31 30 29 
26 -0.009500100000000001 0.0124999 -1.000000000008674e-07 1.00000000006345e-07 0.0220001 1.000000000008674e-07 0 4 -23 -29 33 32 
27 -0.0125001 0.0124999 -1.000000000008674e-07 1.000000000011408e-07 0.0250001 1.000000000008674e-07 0 5 -19 -32 35 6 34 
28 -1.00000000189792e-07 0.0124999 -1.000000000008674e-07 0.007500100000000001 0.0200001 1.000000000008674e-07 0 4 -36 38 37 -30 
29 -1.000000003272689e-07 0.0124999 -1.000000000008674e-07 0.009500100000000001 0.0220001 1.000000000008674e-07 0 4 -37 40 39 -33 
30 -1.000000003272689e-07 0.0124999 -1.000000000008674e-07 0.0125001 0.0250001 1.000000000008674e-07 0 5 -39 42 41 10 -35 
31 -1.000000003316057e-07 -1.000000000011408e-07 -1.000000000008674e-07 0.0125001 0.0125001 1.000000000008674e-07 0 5 -21 45 44 -42 -43 
32 -1.000000003316057e-07 0.002999900000000001 -1.000000000008674e-07 0.009500100000000001 0.0125001 1.000000000008674e-07 0 4 -25 43 -40 -46 
33 -1.00000000188491e-07 0.0049999 -1.000000000008674e-07 0.007500100000000001 0.0125001 1.000000000008674e-07 0 4 -28 46 -38 -47 
34 -0.01250010000000001 0.02499989999999999 -1.000000000046103e-07 1.000000000046103e-07 0.02500010000000001 0.0120001 0 4 48 50 -49 -6 
35 -1.000000000043368e-07 0.0249999 -1.000000000046103e-07 1.000000000043368e-07 0.0330001 0.0120001 0 4 48 52 -51 -13 
36 -0.0125001 0.0329999 -1.000000000002735e-07 1.000000000002735e-07 0.0330001 0.0120001 1 1 4 51 54 -53 -14 
37 -0.01250010000000001 0.0249999 -1.000000000046103e-07 -0.0124999 0.0330001 0.0120001 0 4 53 55 -49 -15 
38 -0.0125001 0.0249999 0.0119999 1.000000000011408e-07 0.0330001 0.0120001 0 4 -50 52 54 55 
39 -1.000000000046103e-07 0.0249999 -1.000000000046103e-07 0.01250010000000001 0.0250001 0.0120001 0 4 56 57 -48 -10 
40 0.0124999 0.0249999 -1.000000000002735e-07 0.0125001 0.0330001 0.0120001 0 4 56 59 -58 -16 
41 -1.000000000002735e-07 0.0329999 -1.000000000002735e-07 0.0125001 0.0330001 0.0120001 1 1 4 58 60 -51 -17 
42 -1.000000000002735e-07 0.0249999 0.0119999 0.0125001 0.0330001 0.0120001 0 4 -57 59 60 -52 
43 -0.01250010000000001 -1.000000000037429e-07 -1.000000000037429e-07 -0.0124999 0.01250010000000001 0.0120001 0 4 61 63 -62 -18 
44 -0.01250010000000025 0.0124998999999995 -1.000000002500737e-07 -0.009499899999999751 0.01250010000000025 0.01200010000000025 0 4 64 65 -61 -19 
45 -0.009500099999999999 0.002999900000000002 -1.000000000002735e-07 9.99999996689413e-08 0.0125001 0.0120001 0 4 64 67 -66 -20 
46 -1.00000000652315e-07 -1.000000003266183e-07 -1.000000003264015e-07 1.000000003265912e-07 0.003000100000000327 0.01200010000000033 0 4 68 69 -66 -21 
47 -0.0125001 -1.000000000008674e-07 -1.000000000011408e-07 1.000000000011408e-07 1.000000000008674e-07 0.0120001 0 4 62 70 -68 -22 
48 -0.0125001 -1.000000000011408e-07 0.0119999 1.000000000011408e-07 0.0125001 0.0120001 0 5 63 70 69 -67 65 
49 -0.009500100000000249 0.0124998999999995 -1.000000002500737e-07 -0.00749989999999975 0.01250010000000025 0.01200010000000025 0 4 71 72 -64 -23 
50 -0.0075001 0.004999900000000001 -1.000000000002735e-07 1.000000000119829e-07 0.0125001 0.0120001 0 4 71 74 -73 -24 
51 -1.00000000652315e-07 0.002999899999999675 -1.000000003264015e-07 1.00000000339225e-07 0.005000100000000327 0.01200010000000033 0 4 66 75 -73 -25 
52 -0.009500100000000001 0.0029999 0.0119999 1.000000000124165e-07 0.0125001 0.0120001 0 4 67 75 -74 72 
53 -0.007500100000000251 0.0124998999999995 -1.00000000250941e-07 -0.005999899999999749 0.01250010000000025 0.01200010000000025 0 4 76 77 -71 -26 
54 -0.0060001 0.0064999 -1.000000000002735e-07 9.999999981248966e-08 0.0125001 0.0120001 1 2 4 76 79 -78 -27 
55 -1.000000003750045e-07 0.004999899999999813 -1.000000001876236e-07 1.000000002005697e-07 0.006500100000000188 0.01200010000000019 0 4 73 80 -78 -28 
56 -0.007500100000000001 0.0049999 0.0119999 1.000000000128502e-07 0.0125001 0.0120001 0 4 74 80 -79 77 
57 -0.0075001 0.0124999 -1.000000000002735e-07 1.000000000054777e-07 0.0200001 0.0120001 0 4 81 82 -71 -29 
58 -1.000000003779966e-07 0.01849989999999981 -1.000000001893583e-07 1.000000001950566e-07 0.02000010000000019 0.01200010000000019 0 4 83 84 -81 -30 
59 -0.0060001 0.0124999 -1.000000000002735e-07 9.999999981118862e-08 0.0185001 0.0120001 1 2 4 83 85 -76 -31 
60 -0.007500100000000001 0.0124999 0.0119999 1.00000000006345e-07 0.0200001 0.0120001 0 4 -77 -85 84 82 
61 -0.009500099999999999 0.0124999 -1.000000000002735e-07 9.999999967327811e-08 0.0220001 0.0120001 0 4 86 87 -64 -32 
62 -1.000000006512302e-07 0.01999989999999967 -1.000000003255341e-07 1.000000003316734e-07 0.02200010000000032 0.01200010000000033 0 4 81 88 -86 -33 
63 -0.009500100000000001 0.0124999 0.0119999 1.00000000006345e-07 0.0220001 0.0120001 0 4 -72 -82 88 87 
64 -0.01250010000000001 0.0124999 -1.000000000046103e-07 -0.0124999 0.02500010000000001 0.0120001 0 4 49 89 -61 -34 
65 -1.000000006512302e-07 0.02199989999999967 -1.000000003255341e-07 1.000000003256151e-07 0.02500010000000033 0.01200010000000033 0 4 86 90 -48 -35 
66 -0.0125001 0.0124999 0.0119999 1.000000000011408e-07 0.0250001 0.0120001 0 5 -65 -87 90 50 89 
67 -1.000000001889247e-07 0.0124999 -1.000000000002735e-07 0.0060001 0.0185001 0.0120001 1 2 4 91 92 -83 -36 
68 -9.999999999463563e-08 0.0124999 -1.000000000002735e-07 0.0075001 0.0200001 0.0120001 0 4 93 94 -81 -37 
69 0.005999899999999999 0.0124999 -1.000000000011408e-07 0.007500100000000001 0.0125001 0.0120001 0 4 91 95 -93 -38 
70 -1.00000000189792e-07 0.0124999 0.0119999 0.007500100000000001 0.0200001 0.0120001 0 4 -92 95 94 -84 
71 -1.000000003264015e-07 0.0124999 -1.000000000002735e-07 0.009500099999999999 0.0220001 0.0120001 0 4 96 97 -86 -39 
72 0.007499899999999999 0.0124999 -1.000000000011408e-07 0.009500100000000001 0.0125001 0.0120001 0 4 93 98 -96 -40 
73 -1.000000003272689e-07 0.0124999 0.0119999 0.009500100000000001 0.0220001 0.0120001 0 4 -94 98 97 -88 
74 0.0124999 0.0124999 -1.000000000037429e-07 0.01250010000000001 0.0250001 0.0120001 0 4 99 100 -56 -41 
75 0.009499899999999997 0.0124999 -1.000000000037429e-07 0.01250010000000001 0.01250010000000001 0.0120001 0 4 96 101 -99 -42 
76 -1.000000003272689e-07 0.0124999 0.0119999 0.0125001 0.0250001 0.0120001 0 5 -97 101 100 57 -90 
77 -1.000000003307383e-07 0.002999900000000002 -1.000000000002735e-07 0.009500099999999999 0.0125001 0.0120001 0 4 66 102 -96 -43 
78 0.0124999 -1.000000000037429e-07 -1.000000000037429e-07 0.01250010000000001 0.01250010000000001 0.0120001 0 4 103 104 -99 -44 
79 -1.000000000011408e-07 -1.000000000008674e-07 -1.000000000011408e-07 0.0125001 1.000000000008674e-07 0.0120001 0 4 68 105 -103 -45 
80 -1.000000003316057e-07 -1.000000000011408e-07 0.0119999 0.0125001 0.0125001 0.0120001 0 5 -69 105 104 -101 -102 
81 -9.999999998813042e-08 0.004999900000000001 -1.000000000002735e-07 0.0075001 0.0125001 0.0120001 0 4 73 106 -93 -46 
82 -1.000000003316057e-07 0.002999900000000001 0.0119999 0.009500100000000001 0.0125001 0.0120001 0 4 -75 102 -98 -106 
83 -1.000000001876236e-07 0.0064999 -1.000000000002735e-07 0.0060001 0.0125001 0.0120001 1 2 4 78 107 -91 -47 
84 -1.00000000188491e-07 0.0049999 0.0119999 0.007500100000000001 0.0125001 0.0120001 0 4 -80 106 -95 -107 
1 -0.01250010000000001 0.02499989999999999 -1.000000000046103e-07 1.000000000046103e-07 0.0330001 0.0120001 1 5 6 34 -35 -36 -37 -17 38 
2 -1.000000000046103e-07 0.0249999 -1.000000000046103e-07 0.01250010000000001 0.0330001 0.0120001 1 5 6 39 -40 -41 35 -21 42 
3 -0.01250010000000033 -1.000000003264015e-07 -1.000000003264015e-07 1.000000003264015e-07 0.01250010000000033 0.01200010000000033 1 5 7 -43 -44 45 -46 -47 -22 48 
4 -0.009500100000000327 0.002999899999999675 -1.000000003264015e-07 1.000000003394119e-07 0.01250010000000033 0.01200010000000033 1 4 6 -45 -49 50 -51 -23 52 
5 -0.007500100000000251 0.00499989999999975 -1.00000000250941e-07 1.000000002635178e-07 0.01250010000000025 0.01200010000000025 1 3 6 -50 -53 54 -55 -24 56 
6 -0.007500100000000251 0.0124998999999995 -1.00000000250941e-07 1.000000002565789e-07 0.02000010000000025 0.01200010000000025 1 3 6 53 -57 -58 59 -25 60 
7 -0.009500100000000325 0.01249989999999943 -1.000000003255341e-07 1.000000003316057e-07 0.02200010000000032 0.01200010000000033 1 4 6 49 -61 -62 57 -26 63 
8 -0.01250010000000033 0.01249989999999943 -1.000000003255341e-07 1.000000003255341e-07 0.02500010000000033 0.01200010000000033 1 5 7 44 -64 -34 -65 61 -27 66 
9 -1.000000003780095e-07 0.01249989999999981 -1.000000001893583e-07 0.007500100000000189 0.02000010000000019 0.01200010000000019 1 3 6 67 58 -68 -69 -28 70 
10 -1.000000006516621e-07 0.01249989999999968 -1.000000003255341e-07 0.009500100000000325 0.02200010000000032 0.01200010000000033 1 4 6 68 62 -71 -72 -29 73 
11 -1.000000006516621e-07 0.01249989999999968 -1.000000003255341e-07 0.01250010000000033 0.02500010000000033 0.01200010000000033 1 5 7 71 65 -39 -74 -75 -30 76 
12 -1.000000006577337e-07 -1.000000003264015e-07 -1.000000003264015e-07 0.01250010000000033 0.01250010000000033 0.01200010000000033 1 5 7 46 77 75 -78 -79 -31 80 
13 -1.000000006577337e-07 0.002999899999999675 -1.000000003264015e-07 0.009500100000000327 0.01250010000000033 0.01200010000000033 1 4 6 51 81 72 -77 -32 82 
14 -1.000000003754074e-07 0.004999899999999813 -1.000000001876236e-07 0.007500100000000187 0.01250010000000019 0.01200010000000019 1 3 6 55 83 69 -81 -33 84 
$EndEntities
$Nodes
222 4360 1 4360
0 5 0 1
1
0 0.025 0
0 6 0 1
2
-0.0125 0.025 0
0 8 0 1
3
0.0125 0.025 0
0 10 0 1
4
0 0.033 0
0 11 0 1
5
-0.0125 0.033 0
0 12 0 1
6
0.0125 0.033 0
0 13 0 1
7
-0.0125 0.0125 0
0 14 0 1
8
-0.0125 0 0
0 15 0 1
9
-0.0095 0.01249999999999975 0
0 16 0 1
10
-3.257238178497133e-16 0.003000000000000001 0
0 17 0 1
11
0 0 0
0 18 0 1
12
-0.0075 0.01249999999999975 0
0 19 0 1
13
1.263381247098149e-17 0.005000000000000001 0
0 20 0 1
14
-0.006 0.01249999999999975 0
0 21 0 1
15
-1.870685591966426e-16 0.006500000000000001 0
0 22 0 1
16
6.0582921541222e-18 0.02 0
0 23 0 1
17
-1.889983063762546e-16 0.0185 0
0 24 0 1
18
-3.256151152639172e-16 0.022 0
0 25 0 1
19
0.006 0.0125 0
0 26 0 1
20
0.0075 0.0125 0
0 27 0 1
21
0.0095 0.0125 0
0 28 0 1
22
0.0125 0.0125 0
0 29 0 1
23
0.0125 0 0
0 30 0 1
24
0 0.025 0.012
0 31 0 1
25
-0.0125 0.025 0.012
0 32 0 1
26
0 0.033 0.012
0 33 0 1
27
-0.0125 0.033 0.012
0 34 0 1
28
0.0125 0.025 0.012
0 35 0 1
29
0.0125 0.033 0.012
0 36 0 1
30
-0.0125 0.0125 0.012
0 37 0 1
31
-0.0125 0 0.012
0 38 0 1
32
-0.0095 0.01249999999999975 0.012
0 39 0 1
33
-3.257238178497133e-16 0.003000000000000001 0.012
0 40 0 1
34
0 0 0.012
0 41 0 1
35
-0.0075 0.01249999999999975 0.012
0 42 0 1
36
1.263381247098149e-17 0.005000000000000001 0.012
0 43 0 1
37
-0.006 0.01249999999999975 0.012
0 44 0 1
38
-1.870685591966426e-16 0.006500000000000001 0.012
0 45 0 1
39
6.0582921541222e-18 0.02 0.012
0 46 0 1
40
-1.889983063762546e-16 0.0185 0.012
0 47 0 1
41
-3.256151152639172e-16 0.022 0.012
0 48 0 1
42
0.006 0.0125 0.012
0 49 0 1
43
0.0075 0.0125 0.012
0 50 0 1
44
0.0095 0.0125 0.012
0 51 0 1
45
0.0125 0.0125 0.012
0 52 0 1
46
0.0125 0 0.012
1 6 0 3
47
48
49
-0.006250000000000005 0.025 0
-0.003125000000000002 0.025 0
-0.009375000000000003 0.025 0
1 10 0 3
50
51
52
0.006249999999999996 0.025 0
0.009374999999999998 0.025 0
0.003124999999999998 0.025 0
1 13 0 7
53
54
55
56
57
58
59
0 0.027 0
0 0.029 0
0 0.031 0
0 0.026 0
0 0.028 0
0 0.03 0
0 0.032 0
1 14 0 3
60
61
62
-0.006250000000000005 0.033 0
-0.003125000000000002 0.033 0
-0.009375000000000003 0.033 0
1 15 0 7
63
64
65
66
67
68
69
-0.0125 0.031 0
-0.0125 0.029 0
-0.0125 0.027 0
-0.0125 0.032 0
-0.0125 0.03 0
-0.0125 0.028 0
-0.0125 0.026 0
1 16 0 7
70
71
72
73
74
75
76
0.0125 0.027 0
0.0125 0.029 0
0.0125 0.031 0
0.0125 0.026 0
0.0125 0.028 0
0.0125 0.03 0
0.0125 0.032 0
1 17 0 3
77
78
79
0.006249999999999996 0.033 0
0.009374999999999998 0.033 0
0.003124999999999998 0.033 0
1 18 0 3
80
81
82
-0.0125 0.006249999999999996 0
-0.0125 0.009374999999999998 0
-0.0125 0.003124999999999998 0
1 19 0 7
83
84
85
86
87
88
89
-0.01025 0.0125 0
-0.011 0.0125 0
-0.01175 0.0125 0
-0.009875 0.0125 0
-0.010625 0.0125 0
-0.011375 0.0125 0
-0.012125 0.0125 0
1 20 0 7
90
91
92
93
94
95
96
-0.008776855558857254 0.00886450739253172 0
-0.006717514421272304 0.005782485578727902 0
-0.003635492607468569 0.003723144441142866 0
-0.009317460163830697 0.01064664194084682 0
-0.007898961316874243 0.007222082786313874 0
-0.005277917213686374 0.004601038683125924 0
-0.001853358059153495 0.003182539836169366 0
1 21 0 7
97
98
99
100
101
102
103
0 0.00075 0
0 0.0015 0
0 0.002250000000000001 0
0 0.000375 0
0 0.001125 0
0 0.001875000000000001 0
0 0.002625000000000001 0
1 22 0 3
104
105
106
-0.006249999999999996 0 0
-0.009374999999999998 0 0
-0.003124999999999998 0 0
1 23 0 7
107
108
109
110
111
112
113
-0.008 0.0125 0
-0.008499999999999999 0.0125 0
-0.008999999999999999 0.0125 0
-0.00775 0.0125 0
-0.00825 0.0125 0
-0.008749999999999999 0.0125 0
-0.00925 0.0125 0
1 24 0 7
114
115
116
117
118
119
120
-0.006929096493834651 0.009629874257261828 0
-0.005303300858899112 0.0071966991411009 0
-0.002870125742738171 0.00557090350616535 0
-0.007355889603024228 0.01103682258487904 0
-0.006236022092269091 0.008333223252352986 0
-0.004166776747647016 0.006263977907730912 0
-0.001463177415120952 0.00514411039697577 0
1 25 0 7
121
122
123
124
125
126
127
0 0.003500000000000001 0
0 0.004000000000000001 0
0 0.004500000000000001 0
0 0.003250000000000001 0
0 0.003750000000000001 0
0 0.004250000000000001 0
0 0.004750000000000002 0
1 26 0 7
128
129
130
131
132
133
134
-0.006375 0.0125 0
-0.00675 0.0125 0
-0.007124999999999999 0.0125 0
-0.0061875 0.0125 0
-0.0065625 0.0125 0
-0.0069375 0.0125 0
-0.0073125 0.0125 0
1 27 0 7
135
136
137
138
139
140
141
-0.005543277195067737 0.0102038994058095 0
-0.004242640687119342 0.008257359312880772 0
-0.00229610059419066 0.00695672280493233 0
-0.005884711682419387 0.01132945806790325 0
-0.004988817673815305 0.009166578601882438 0
-0.003333421398117702 0.007511182326184788 0
-0.001170541932096924 0.006615288317580649 0
1 28 0 7
142
143
144
145
146
147
148
0 0.005375 0
0 0.005750000000000001 0
0 0.006125 0
0 0.005187500000000001 0
0 0.005562500000000001 0
0 0.005937500000000001 0
0 0.0063125 0
1 29 0 7
149
150
151
152
153
154
155
-0.002870125742738173 0.01942909649383465 0
-0.005303300858899106 0.01780330085889911 0
-0.00692909649383465 0.01537012574273817 0
-0.001463177415120958 0.01985588960302423 0
-0.004166776747647017 0.01873602209226909 0
-0.00623602209226909 0.01666677674764701 0
-0.007355889603024228 0.01396317741512096 0
1 30 0 7
156
157
158
159
160
161
162
0 0.018875 0
0 0.01925 0
0 0.019625 0
0 0.0186875 0
0 0.0190625 0
0 0.0194375 0
0 0.0198125 0
1 31 0 7
163
164
165
166
167
168
169
-0.002296100594190669 0.01804327719506767 0
-0.004242640687119355 0.01674264068711922 0
-0.00554327719506774 0.01479610059419049 0
-0.001170541932096931 0.01838471168241935 0
-0.003333421398117714 0.01748881767381521 0
-0.004988817673815314 0.01583342139811755 0
-0.005884711682419387 0.01367054193209675 0
1 32 0 7
170
171
172
173
174
175
176
-0.003635492607468578 0.02127685555885713 0
-0.006717514421272323 0.01921751442127208 0
-0.008776855558857256 0.01613549260746828 0
-0.001853358059153497 0.02181746016383063 0
-0.005277917213686393 0.02039896131687406 0
-0.00789896131687425 0.01777791721368611 0
-0.009317460163830697 0.01435335805915318 0
1 33 0 7
177
178
179
180
181
182
183
0 0.0205 0
0 0.021 0
0 0.0215 0
0 0.02025 0
0 0.02075 0
0 0.02125 0
0 0.02175 0
1 34 0 3
184
185
186
-0.0125 0.01875 0
-0.0125 0.021875 0
-0.0125 0.015625 0
1 35 0 7
187
188
189
190
191
192
193
0 0.02275 0
0 0.0235 0
0 0.02425 0
0 0.022375 0
0 0.023125 0
0 0.023875 0
0 0.024625 0
1 36 0 7
194
195
196
197
198
199
200
0.005543277195067702 0.01479610059419059 0
0.004242640687119212 0.01674264068711936 0
0.002296100594190402 0.01804327719506778 0
0.005884711682419378 0.0136705419320968 0
0.00498881767381523 0.01583342139811768 0
0.003333421398117509 0.01748881767381534 0
0.001170541932096604 0.01838471168241942 0
1 37 0 7
201
202
203
204
205
206
207
0.00692909649383465 0.01537012574273817 0
0.005303300858899105 0.01780330085889911 0
0.002870125742738178 0.01942909649383465 0
0.007355889603024228 0.01396317741512096 0
0.006236022092269088 0.01666677674764702 0
0.004166776747647018 0.01873602209226909 0
0.001463177415120967 0.01985588960302423 0
1 38 0 7
208
209
210
211
212
213
214
0.006375 0.0125 0
0.00675 0.0125 0
0.007124999999999999 0.0125 0
0.0061875 0.0125 0
0.0065625 0.0125 0
0.0069375 0.0125 0
0.0073125 0.0125 0
1 39 0 7
215
216
217
218
219
220
221
0.008776855558857191 0.01613549260746843 0
0.006717514421272075 0.01921751442127233 0
0.003635492607468115 0.02127685555885732 0
0.00931746016383068 0.01435335805915326 0
0.007898961316874106 0.01777791721368633 0
0.00527791721368604 0.0203989613168743 0
0.001853358059152932 0.02181746016383074 0
1 40 0 7
222
223
224
225
226
227
228
0.008 0.0125 0
0.008499999999999999 0.0125 0
0.008999999999999999 0.0125 0
0.00775 0.0125 0
0.00825 0.0125 0
0.008749999999999999 0.0125 0
0.00925 0.0125 0
1 41 0 3
229
230
231
0.0125 0.01875000000000001 0
0.0125 0.015625 0
0.0125 0.02187500000000001 0
1 42 0 7
232
233
234
235
236
237
238
0.01025 0.0125 0
0.011 0.0125 0
0.01175 0.0125 0
0.009875 0.0125 0
0.010625 0.0125 0
0.011375 0.0125 0
0.012125 0.0125 0
1 43 0 7
239
240
241
242
243
244
245
0.003635492607468129 0.003723144441142684 0
0.006717514421272087 0.005782485578727685 0
0.008776855558857191 0.008864507392531572 0
0.001853358059152938 0.003182539836169255 0
0.005277917213686056 0.004601038683125712 0
0.007898961316874115 0.007222082786313681 0
0.009317460163830681 0.01064664194084674 0
1 44 0 3
246
247
248
0.0125 0.006250000000000005 0
0.0125 0.003125000000000002 0
0.0125 0.009375000000000003 0
1 45 0 3
249
250
251
0.006250000000000005 0 0
0.003125000000000002 0 0
0.009375000000000003 0 0
1 46 0 7
252
253
254
255
256
257
258
0.002870125742738175 0.005570903506165351 0
0.005303300858899095 0.007196699141100884 0
0.006929096493834646 0.009629874257261816 0
0.001463177415120969 0.005144110396975774 0
0.004166776747647013 0.00626397790773091 0
0.006236022092269081 0.008333223252352973 0
0.007355889603024227 0.01103682258487904 0
1 47 0 7
259
260
261
262
263
264
265
0.002296100594190412 0.006956722804932228 0
0.004242640687119221 0.008257359312880651 0
0.005543277195067703 0.01020389940580942 0
0.001170541932096608 0.006615288317580586 0
0.003333421398117519 0.007511182326184666 0
0.004988817673815233 0.00916657860188233 0
0.005884711682419378 0.01132945806790321 0
1 48 0 3
266
267
268
0 0.025 0.006
0 0.025 0.003
0 0.025 0.009000000000000001
1 49 0 3
269
270
271
-0.0125 0.025 0.006
-0.0125 0.025 0.003
-0.0125 0.025 0.009000000000000001
1 50 0 3
272
273
274
-0.006250000000000005 0.025 0.012
-0.003125000000000002 0.025 0.012
-0.009375000000000003 0.025 0.012
1 51 0 3
275
276
277
0 0.033 0.006
0 0.033 0.003
0 0.033 0.009000000000000001
1 52 0 7
278
279
280
281
282
283
284
0 0.027 0.012
0 0.029 0.012
0 0.031 0.012
0 0.026 0.012
0 0.028 0.012
0 0.03 0.012
0 0.032 0.012
1 53 0 3
285
286
287
-0.0125 0.033 0.006
-0.0125 0.033 0.003
-0.0125 0.033 0.009000000000000001
1 54 0 3
288
289
290
-0.006250000000000005 0.033 0.012
-0.003125000000000002 0.033 0.012
-0.009375000000000003 0.033 0.012
1 55 0 7
291
292
293
294
295
296
297
-0.0125 0.031 0.012
-0.0125 0.029 0.012
-0.0125 0.027 0.012
-0.0125 0.032 0.012
-0.0125 0.03 0.012
-0.0125 0.028 0.012
-0.0125 0.026 0.012
1 56 0 3
298
299
300
0.0125 0.025 0.006
0.0125 0.025 0.003
0.0125 0.025 0.009000000000000001
1 57 0 3
301
302
303
0.006249999999999996 0.025 0.012
0.009374999999999998 0.025 0.012
0.003124999999999998 0.025 0.012
1 58 0 3
304
305
306
0.0125 0.033 0.006
0.0125 0.033 0.003
0.0125 0.033 0.009000000000000001
1 59 0 7
307
308
309
310
311
312
313
0.0125 0.027 0.012
0.0125 0.029 0.012
0.0125 0.031 0.012
0.0125 0.026 0.012
0.0125 0.028 0.012
0.0125 0.03 0.012
0.0125 0.032 0.012
1 60 0 3
314
315
316
0.006249999999999996 0.033 0.012
0.009374999999999998 0.033 0.012
0.003124999999999998 0.033 0.012
1 61 0 3
317
318
319
-0.0125 0.0125 0.006
-0.0125 0.0125 0.003
-0.0125 0.0125 0.009000000000000001
1 62 0 3
320
321
322
-0.0125 0 0.006
-0.0125 0 0.003
-0.0125 0 0.009000000000000001
1 63 0 3
323
324
325
-0.0125 0.006249999999999996 0.012
-0.0125 0.009374999999999998 0.012
-0.0125 0.003124999999999998 0.012
1 64 0 3
326
327
328
-0.0095 0.01249999999999975 0.006
-0.0095 0.01249999999999975 0.003
-0.0095 0.01249999999999975 0.009000000000000001
1 65 0 7
329
330
331
332
333
334
335
-0.01025 0.0125 0.012
-0.011 0.0125 0.012
-0.01175 0.0125 0.012
-0.009875 0.0125 0.012
-0.010625 0.0125 0.012
-0.011375 0.0125 0.012
-0.012125 0.0125 0.012
1 66 0 3
336
337
338
-3.257238178497133e-16 0.003000000000000001 0.006
-3.257238178497133e-16 0.003000000000000001 0.003
-3.257238178497133e-16 0.003000000000000001 0.009000000000000001
1 67 0 7
339
340
341
342
343
344
345
-0.008776855558857254 0.00886450739253172 0.012
-0.006717514421272304 0.005782485578727902 0.012
-0.003635492607468569 0.003723144441142866 0.012
-0.009317460163830697 0.01064664194084682 0.012
-0.007898961316874243 0.007222082786313874 0.012
-0.005277917213686374 0.004601038683125924 0.012
-0.001853358059153495 0.003182539836169366 0.012
1 68 0 3
346
347
348
0 0 0.006
0 0 0.003
0 0 0.009000000000000001
1 69 0 7
349
350
351
352
353
354
355
0 0.00075 0.012
0 0.0015 0.012
0 0.002250000000000001 0.012
0 0.000375 0.012
0 0.001125 0.012
0 0.001875000000000001 0.012
0 0.002625000000000001 0.012
1 70 0 3
356
357
358
-0.006249999999999996 0 0.012
-0.009374999999999998 0 0.012
-0.003124999999999998 0 0.012
1 71 0 3
359
360
361
-0.0075 0.01249999999999975 0.006
-0.0075 0.01249999999999975 0.003
-0.0075 0.01249999999999975 0.009000000000000001
1 72 0 7
362
363
364
365
366
367
368
-0.008 0.0125 0.012
-0.008499999999999999 0.0125 0.012
-0.008999999999999999 0.0125 0.012
-0.00775 0.0125 0.012
-0.00825 0.0125 0.012
-0.008749999999999999 0.0125 0.012
-0.00925 0.0125 0.012
1 73 0 3
369
370
371
1.263381247098149e-17 0.005000000000000001 0.006
1.263381247098149e-17 0.005000000000000001 0.003
1.263381247098149e-17 0.005000000000000001 0.009000000000000001
1 74 0 7
372
373
374
375
376
377
378
-0.006929096493834651 0.009629874257261828 0.012
-0.005303300858899112 0.0071966991411009 0.012
-0.002870125742738171 0.00557090350616535 0.012
-0.007355889603024228 0.01103682258487904 0.012
-0.006236022092269091 0.008333223252352986 0.012
-0.004166776747647016 0.006263977907730912 0.012
-0.001463177415120952 0.00514411039697577 0.012
1 75 0 7
379
380
381
382
383
384
385
0 0.003500000000000001 0.012
0 0.004000000000000001 0.012
0 0.004500000000000001 0.012
0 0.003250000000000001 0.012
0 0.003750000000000001 0.012
0 0.004250000000000001 0.012
0 0.004750000000000002 0.012
1 76 0 3
386
387
388
-0.006 0.01249999999999975 0.006
-0.006 0.01249999999999975 0.003
-0.006 0.01249999999999975 0.009000000000000001
1 77 0 7
389
390
391
392
393
394
395
-0.006375 0.0125 0.012
-0.00675 0.0125 0.012
-0.007124999999999999 0.0125 0.012
-0.0061875 0.0125 0.012
-0.0065625 0.0125 0.012
-0.0069375 0.0125 0.012
-0.0073125 0.0125 0.012
1 78 0 3
396
397
398
-1.870685591966426e-16 0.006500000000000001 0.006
-1.870685591966426e-16 0.006500000000000001 0.003
-1.870685591966426e-16 0.006500000000000001 0.009000000000000001
1 79 0 7
399
400
401
402
403
404
405
-0.005543277195067737 0.0102038994058095 0.012
-0.004242640687119342 0.008257359312880772 0.012
-0.00229610059419066 0.00695672280493233 0.012
-0.005884711682419387 0.01132945806790325 0.012
-0.004988817673815305 0.009166578601882438 0.012
-0.003333421398117702 0.007511182326184788 0.012
-0.001170541932096924 0.006615288317580649 0.012
1 80 0 7
406
407
408
409
410
411
412
0 0.005375 0.012
0 0.005750000000000001 0.012
0 0.006125 0.012
0 0.005187500000000001 0.012
0 0.005562500000000001 0.012
0 0.005937500000000001 0.012
0 0.0063125 0.012
1 81 0 3
413
414
415
6.0582921541222e-18 0.02 0.006
6.0582921541222e-18 0.02 0.003
6.0582921541222e-18 0.02 0.009000000000000001
1 82 0 7
416
417
418
419
420
421
422
-0.002870125742738173 0.01942909649383465 0.012
-0.005303300858899106 0.01780330085889911 0.012
-0.00692909649383465 0.01537012574273817 0.012
-0.001463177415120958 0.01985588960302423 0.012
-0.004166776747647017 0.01873602209226909 0.012
-0.00623602209226909 0.01666677674764701 0.012
-0.007355889603024228 0.01396317741512096 0.012
1 83 0 3
423
424
425
-1.889983063762546e-16 0.0185 0.006
-1.889983063762546e-16 0.0185 0.003
-1.889983063762546e-16 0.0185 0.009000000000000001
1 84 0 7
426
427
428
429
430
431
432
0 0.018875 0.012
0 0.01925 0.012
0 0.019625 0.012
0 0.0186875 0.012
0 0.0190625 0.012
0 0.0194375 0.012
0 0.0198125 0.012
1 85 0 7
433
434
435
436
437
438
439
-0.002296100594190669 0.01804327719506767 0.012
-0.004242640687119355 0.01674264068711922 0.012
-0.00554327719506774 0.01479610059419049 0.012
-0.001170541932096931 0.01838471168241935 0.012
-0.003333421398117714 0.01748881767381521 0.012
-0.004988817673815314 0.01583342139811755 0.012
-0.005884711682419387 0.01367054193209675 0.012
1 86 0 3
440
441
442
-3.256151152639172e-16 0.022 0.006
-3.256151152639172e-16 0.022 0.003
-3.256151152639172e-16 0.022 0.009000000000000001
1 87 0 7
443
444
445
446
447
448
449
-0.003635492607468578 0.02127685555885713 0.012
-0.006717514421272323 0.01921751442127208 0.012
-0.008776855558857256 0.01613549260746828 0.012
-0.001853358059153497 0.02181746016383063 0.012
-0.005277917213686393 0.02039896131687406 0.012
-0.00789896131687425 0.01777791721368611 0.012
-0.009317460163830697 0.01435335805915318 0.012
1 88 0 7
450
451
452
453
454
455
456
0 0.0205 0.012
0 0.021 0.012
0 0.0215 0.012
0 0.02025 0.012
0 0.02075 0.012
0 0.02125 0.012
0 0.02175 0.012
1 89 0 3
457
458
459
-0.0125 0.01875 0.012
-0.0125 0.021875 0.012
-0.0125 0.015625 0.012
1 90 0 7
460
461
462
463
464
465
466
0 0.02275 0.012
0 0.0235 0.012
0 0.02425 0.012
0 0.022375 0.012
0 0.023125 0.012
0 0.023875 0.012
0 0.024625 0.012
1 91 0 3
467
468
469
0.006 0.0125 0.006
0.006 0.0125 0.003
0.006 0.0125 0.009000000000000001
1 92 0 7
470
471
472
473
474
475
476
0.005543277195067702 0.01479610059419059 0.012
0.004242640687119212 0.01674264068711936 0.012
0.002296100594190402 0.01804327719506778 0.012
0.005884711682419378 0.0136705419320968 0.012
0.00498881767381523 0.01583342139811768 0.012
0.003333421398117509 0.01748881767381534 0.012
0.001170541932096604 0.01838471168241942 0.012
1 93 0 3
477
478
479
0.0075 0.0125 0.006
0.0075 0.0125 0.003
0.0075 0.0125 0.009000000000000001
1 94 0 7
480
481
482
483
484
485
486
0.00692909649383465 0.01537012574273817 0.012
0.005303300858899105 0.01780330085889911 0.012
0.002870125742738178 0.01942909649383465 0.012
0.007355889603024228 0.01396317741512096 0.012
0.006236022092269088 0.01666677674764702 0.012
0.004166776747647018 0.01873602209226909 0.012
0.001463177415120967 0.01985588960302423 0.012
1 95 0 7
487
488
489
490
491
492
493
0.006375 0.0125 0.012
0.00675 0.0125 0.012
0.007124999999999999 0.0125 0.012
0.0061875 0.0125 0.012
0.0065625 0.0125 0.012
0.0069375 0.0125 0.012
0.0073125 0.0125 0.012
1 96 0 3
494
495
496
0.0095 0.0125 0.006
0.0095 0.0125 0.003
0.0095 0.0125 0.009000000000000001
1 97 0 7
497
498
499
500
501
502
503
0.008776855558857191 0.01613549260746843 0.012
0.006717514421272075 0.01921751442127233 0.012
0.003635492607468115 0.02127685555885732 0.012
0.00931746016383068 0.01435335805915326 0.012
0.007898961316874106 0.01777791721368633 0.012
0.00527791721368604 0.0203989613168743 0.012
0.001853358059152932 0.02181746016383074 0.012
1 98 0 7
504
505
506
507
508
509
510
0.008 0.0125 0.012
0.008499999999999999 0.0125 0.012
0.008999999999999999 0.0125 0.012
0.00775 0.0125 0.012
0.00825 0.0125 0.012
0.008749999999999999 0.0125 0.012
0.00925 0.0125 0.012
1 99 0 3
511
512
513
0.0125 0.0125 0.006
0.0125 0.0125 0.003
0.0125 0.0125 0.009000000000000001
1 100 0 3
514
515
516
0.0125 0.01875000000000001 0.012
0.0125 0.015625 0.012
0.0125 0.02187500000000001 0.012
1 101 0 7
517
518
519
520
521
522
523
0.01025 0.0125 0.012
0.011 0.0125 0.012
0.01175 0.0125 0.012
0.009875 0.0125 0.012
0.010625 0.0125 0.012
0.011375 0.0125 0.012
0.012125 0.0125 0.012
1 102 0 7
524
525
526
527
528
529
530
0.003635492607468129 0.003723144441142684 0.012
0.006717514421272087 0.005782485578727685 0.012
0.008776855558857191 0.008864507392531572 0.012
0.001853358059152938 0.003182539836169255 0.012
0.005277917213686056 0.004601038683125712 0.012
0.007898961316874115 0.007222082786313681 0.012
0.009317460163830681 0.01064664194084674 0.012
1 103 0 3
531
532
533
0.0125 0 0.006
0.0125 0 0.003
0.0125 0 0.009000000000000001
1 104 0 3
534
535
536
0.0125 0.006250000000000005 0.012
0.0125 0.003125000000000002 0.012
0.0125 0.009375000000000003 0.012
1 105 0 3
537
538
539
0.006250000000000005 0 0.012
0.003125000000000002 0 0.012
0.009375000000000003 0 0.012
1 106 0 7
540
541
542
543
544
545
546
0.002870125742738175 0.005570903506165351 0.012
0.005303300858899095 0.007196699141100884 0.012
0.006929096493834646 0.009629874257261816 0.012
0.001463177415120969 0.005144110396975774 0.012
0.004166776747647013 0.00626397790773091 0.012
0.006236022092269081 0.008333223252352973 0.012
0.007355889603024227 0.01103682258487904 0.012
1 107 0 7
547
548
549
550
551
552
553
0.002296100594190412 0.006956722804932228 0.012
0.004242640687119221 0.008257359312880651 0.012
0.005543277195067703 0.01020389940580942 0.012
0.001170541932096608 0.006615288317580586 0.012
0.003333421398117519 0.007511182326184666 0.012
0.004988817673815233 0.00916657860188233 0.012
0.005884711682419378 0.01132945806790321 0.012
2 17 0 21
554
555
556
557
558
559
560
561
562
563
564
565
566
567
568
569
570
571
572
573
574
-0.006250000000000006 0.027 0
-0.006250000000000005 0.029 0
-0.006250000000000006 0.031 0
-0.003125000000000003 0.027 0
-0.006250000000000006 0.026 0
-0.003125000000000003 0.026 0
-0.003125000000000002 0.029 0
-0.006250000000000006 0.028 0
-0.003125000000000002 0.028 0
-0.003125000000000003 0.031 0
-0.006250000000000006 0.03 0
-0.003125000000000003 0.03 0
-0.006250000000000006 0.032 0
-0.003125000000000002 0.032 0
-0.009375000000000003 0.027 0
-0.009375000000000003 0.026 0
-0.009375000000000003 0.029 0
-0.009375000000000001 0.028 0
-0.009375000000000003 0.031 0
-0.009375000000000001 0.03 0
-0.009375000000000003 0.032 0
2 21 0 21
575
576
577
578
579
580
581
582
583
584
585
586
587
588
589
590
591
592
593
594
595
0.006249999999999995 0.027 0
0.006249999999999995 0.029 0
0.006249999999999995 0.031 0
0.009374999999999998 0.027 0
0.006249999999999996 0.026 0
0.009374999999999998 0.026 0
0.009374999999999998 0.029 0
0.006249999999999995 0.028 0
0.009374999999999998 0.028 0
0.009374999999999998 0.031 0
0.006249999999999995 0.03 0
0.009374999999999998 0.03 0
0.006249999999999996 0.032 0
0.009374999999999998 0.032 0
0.003124999999999998 0.027 0
0.003124999999999998 0.026 0
0.003124999999999998 0.029 0
0.003124999999999998 0.028 0
0.003124999999999998 0.031 0
0.003124999999999998 0.03 0
0.003124999999999998 0.032 0
2 22 0 49
596
597
598
599
600
601
602
603
604
605
606
607
608
609
610
611
612
613
614
615
616
617
618
619
620
621
622
623
624
625
626
627
628
629
630
631
632
633
634
635
636
637
638
639
640
641
642
643
644
-0.009707641669142878 0.008210880544398788 0
-0.01063842777942858 0.007557253696265857 0
-0.01156921388971429 0.006903626848132927 0
-0.008163135815954103 0.004336864184045927 0
-0.009608757210636068 0.002891242789363952 0
-0.01105437860531804 0.001445621394681977 0
-0.004289119455601239 0.00279235833085715 0
-0.004942746303734159 0.001861572220571433 0
-0.005596373151867076 0.0009307861102857175 0
-0.009978820834571439 0.0103554402721994 0
-0.009242248614000066 0.008537693968465255 0
-0.009648140499201069 0.01050104110652311 0
-0.01081921388971429 0.01002862684813293 0
-0.01017303472428573 0.007884067120332322 0
-0.01039901736214286 0.01019203356016616 0
-0.01165960694485715 0.009701813424066464 0
-0.01110382083457144 0.007230440272199393 0
-0.01123941041728572 0.009865220136099697 0
-0.01203460694485715 0.006576813424066462 0
-0.01207980347242857 0.00953840671203323 0
-0.00893538874254849 0.006273872364222358 0
-0.007440325118613204 0.005059674881386915 0
-0.008417175029711368 0.006747977575268116 0
-0.01012359249503233 0.005224248242814904 0
-0.008885946513295086 0.00361405348670494 0
-0.009529490618790409 0.005749060303518632 0
-0.01131179624751616 0.004174624121407452 0
-0.01033156790797705 0.002168432092022964 0
-0.01071769437127424 0.004699436182111178 0
-0.01177718930265902 0.0007228106973409879 0
-0.01190589812375808 0.003649812060703725 0
-0.006226127635777672 0.003564611257451539 0
-0.003962306031534904 0.003257751386000008 0
-0.005752022424732023 0.004082824970288732 0
-0.007275751757185114 0.002376407504967692 0
-0.004615932879667699 0.002326965275714292 0
-0.006750939696481393 0.002970509381209616 0
-0.008325375878592556 0.001188203752483847 0
-0.005269559727800618 0.001396179165428575 0
-0.007800563817888835 0.001782305628725769 0
-0.005923186575933536 0.0004653930551428587 0
-0.008850187939296277 0.0005941018762419233 0
-0.002144559727800619 0.002521179165428575 0
-0.001998958893476975 0.002851859500798971 0
-0.002471373151867079 0.001680786110285716 0
-0.00230796643983385 0.002100982637857145 0
-0.002798186575933538 0.0008403930551428591 0
-0.002634779863900309 0.001260589582714288 0
-0.002961593287966768 0.0004201965275714295 0
2 23 0 49
645
646
647
648
649
650
651
652
653
654
655
656
657
658
659
660
661
662
663
664
665
666
667
668
669
670
671
672
673
674
675
676
677
678
679
680
681
682
683
684
685
686
687
688
689
690
691
692
693
-0.008314915792601543 0.009055849108714245 0
-0.007852976026345913 0.009247190824896773 0
-0.007391036260090284 0.009438532541079302 0
-0.006363961030678883 0.006136038969321151 0
-0.006010407640085628 0.006489592359914401 0
-0.005656854249492373 0.006843145750507651 0
-0.003444150891285786 0.004185084207398488 0
-0.00325280917510325 0.004647023973654108 0
-0.003061467458920717 0.005108963739909729 0
-0.008545885675729397 0.008960178250622983 0
-0.00865745789630077 0.01077792455435712 0
-0.008987459030065734 0.01071228324760197 0
-0.008083945909473728 0.009151519966805509 0
-0.008176488013172955 0.01087359541244839 0
-0.008416972954736862 0.01082575998340276 0
-0.007622006143218098 0.009342861682988037 0
-0.007695518130045141 0.01096926627053965 0
-0.007936003071609049 0.01092143084149402 0
-0.007160066376962468 0.009534203399170564 0
-0.007525703866534685 0.01100304442770934 0
-0.006540737725975593 0.005959262274024527 0
-0.007339438411640213 0.007595944039017698 0
-0.007619199864257228 0.007409013412665786 0
-0.006187184335382256 0.006312815664617776 0
-0.00693169183321577 0.007868391592405587 0
-0.007135565122427991 0.007732167815711642 0
-0.005833630944789001 0.006666369055211026 0
-0.006523945254791328 0.008140839145793477 0
-0.006727818544003549 0.008004615369099532 0
-0.005480077554195743 0.007019922445804275 0
-0.00637998367353021 0.008237031199073232 0
-0.003539821749377178 0.003954114324270677 0
-0.004904055960982335 0.005160561588359819 0
-0.005090986587334354 0.004880800135742872 0
-0.003348480033194518 0.004416054090526297 0
-0.00463160840759444 0.005568308166784254 0
-0.004767832184288387 0.005364434877572037 0
-0.003157138317011983 0.004877993856781919 0
-0.004359160854206545 0.00597605474520869 0
-0.004495384630900492 0.005772181455996473 0
-0.002965796600829444 0.00533993362303754 0
-0.00426296880092678 0.006120016326469801 0
-0.001722075445642893 0.003842542103699244 0
-0.001787716752398111 0.003512540969934305 0
-0.001626404587551625 0.004323511986827054 0
-0.00167424001659726 0.004083027045263149 0
-0.001530733729460358 0.004804481869954865 0
-0.001578569158505991 0.00456399692839096 0
-0.001496955572290659 0.004974296133465318 0
2 24 0 49
694
695
696
697
698
699
700
701
702
703
704
705
706
707
708
709
710
711
712
713
714
715
716
717
718
719
720
721
722
723
724
725
726
727
728
729
730
731
732
733
734
735
736
737
738
739
740
741
742
-0.006582641669142913 0.009773380544398746 0
-0.006236186844451173 0.009916886831535665 0
-0.005889732019759431 0.01006039311867258 0
-0.005038135815954151 0.007461864184045867 0
-0.004772970773009183 0.007727029226990837 0
-0.004507805730064215 0.007992194269935804 0
-0.002726619455601265 0.005917358330857094 0
-0.00258311316846435 0.006263813155548839 0
-0.002439606881327437 0.006610267980240584 0
-0.006755869081488782 0.009701627400830286 0
-0.006853820834571456 0.01113669027219937 0
-0.007104855218797842 0.01108675642853921 0
-0.006409414256797042 0.009845133687967206 0
-0.006493093422225586 0.01120844341576783 0
-0.006673457128398522 0.0111725668439836 0
-0.006062959432105302 0.009988639975104125 0
-0.006132366009879715 0.01128019655933629 0
-0.006312729716052651 0.01124431998755206 0
-0.005716504607413584 0.01013214626224104 0
-0.006008538846149551 0.01130482731361977 0
-0.005170718337426631 0.007329281662573383 0
-0.005810388742548532 0.008617622364222307 0
-0.006023205417408811 0.008475422808287647 0
-0.004905553294481666 0.007594446705518352 0
-0.005504578808730178 0.008821958029263251 0
-0.005657483775639354 0.008719790196742778 0
-0.004640388251536699 0.00785961174846332 0
-0.005198768874911823 0.009026293694304195 0
-0.005351673841821 0.008924125861783722 0
-0.004375223208591779 0.008124776791408288 0
-0.005093793274363564 0.009096436148093317 0
-0.002798372599169719 0.005744130918511222 0
-0.003882377635777708 0.006689611257451481 0
-0.004024577191712363 0.006476794582591196 0
-0.002654866312032808 0.006090585743202967 0
-0.003678041970736767 0.006995421191269838 0
-0.003780209803257237 0.006842516224360659 0
-0.002511360024895893 0.006437040567894712 0
-0.003473706305695826 0.007301231125088194 0
-0.003575874138216297 0.007148326158179016 0
-0.002367853737759049 0.006783495392586458 0
-0.003403563851906763 0.007406206725636491 0
-0.001363309727800632 0.005646179165428547 0
-0.001413243571460795 0.00539514478120216 0
-0.001291556584232175 0.006006906577774421 0
-0.001327433156016403 0.005826542871601484 0
-0.001219803440663718 0.006367633990120292 0
-0.001255680012447948 0.006187270283947357 0
-0.001195172686380275 0.006491461153850471 0
2 25 0 49
743
744
745
746
747
748
749
750
751
752
753
754
755
756
757
758
759
760
761
762
763
764
765
766
767
768
769
770
771
772
773
774
775
776
777
778
779
780
781
782
783
784
785
786
787
788
789
790
791
-0.005889732019759467 0.01493960688132741 0
-0.004507805730064293 0.01700780573006419 0
-0.002439606881327546 0.01838973201975942 0
-0.006236186844451196 0.01508311316846433 0
-0.004772970773009232 0.01727297077300916 0
-0.002583113168464423 0.01873618684445116 0
-0.006582641669142924 0.01522661945560125 0
-0.005038135815954171 0.01753813581595413 0
-0.002726619455601301 0.01908264166914291 0
-0.005716504607413604 0.01486785373775895 0
-0.006132366009879734 0.01371980344066371 0
-0.006008538846149561 0.01369517268638023 0
-0.004375223208591824 0.0168752232085917 0
-0.00519876887491188 0.0159737063056958 0
-0.005093793274363597 0.01590356385190668 0
-0.002367853737759107 0.01821650460741354 0
-0.00347370630569592 0.0176987688749118 0
-0.003403563851906816 0.0175937932743635 0
-0.001219803440663773 0.01863236600987971 0
-0.001195172686380352 0.01850853884614953 0
-0.006062959432105331 0.01501136002489587 0
-0.006493093422225597 0.01379155658423217 0
-0.006312729716052666 0.01375568001244794 0
-0.004640388251536762 0.01714038825153668 0
-0.005504578808730213 0.01617804197073675 0
-0.005351673841821047 0.01607587413821628 0
-0.002511360024895984 0.01856295943210529 0
-0.003678041970736827 0.01800457880873016 0
-0.003575874138216374 0.01785167384182098 0
-0.001291556584232211 0.01899309342222558 0
-0.001255680012447992 0.01881272971605264 0
-0.00640941425679706 0.01515486631203279 0
-0.006853820834571461 0.01386330972780063 0
-0.006673457128398529 0.0138274331560164 0
-0.004905553294481701 0.01740555329448165 0
-0.005810388742548547 0.01638237763577769 0
-0.00565748377563938 0.01628020980325722 0
-0.002654866312032862 0.01890941425679703 0
-0.003882377635777736 0.01831038874254852 0
-0.003780209803257282 0.01815748377563934 0
-0.001363309727800651 0.01935382083457145 0
-0.00132743315601643 0.01917345712839852 0
-0.006755869081488787 0.01529837259916971 0
-0.007104855218797845 0.01391324357146079 0
-0.005170718337426638 0.01767071833742662 0
-0.006023205417408819 0.01652457719171236 0
-0.002798372599169737 0.01925586908148878 0
-0.004024577191712377 0.0185232054174088 0
-0.001413243571460806 0.01960485521879784 0
2 26 0 49
792
793
794
795
796
797
798
799
800
801
802
803
804
805
806
807
808
809
810
811
812
813
814
815
816
817
818
819
820
821
822
823
824
825
826
827
828
829
830
831
832
833
834
835
836
837
838
839
840
-0.007391036260090283 0.0155614674589207 0
-0.005656854249492371 0.01815685424949235 0
-0.003061467458920717 0.01989103626009027 0
-0.007852976026345913 0.01575280917510323 0
-0.006010407640085634 0.0185104076400856 0
-0.003252809175103255 0.02035297602634589 0
-0.008314915792601543 0.01594415089128575 0
-0.006363961030678896 0.01886396103067884 0
-0.003444150891285794 0.02081491579260151 0
-0.007160066376962466 0.01546579660082944 0
-0.007695518130045141 0.01403073372946035 0
-0.007525703866534684 0.01399695557229066 0
-0.005480077554195739 0.01798007755419573 0
-0.006523945254791327 0.01685916085420652 0
-0.006379983673530209 0.01676296880092677 0
-0.002965796600829445 0.01966006637696246 0
-0.004359160854206544 0.01902394525479131 0
-0.00426296880092678 0.0188799836735302 0
-0.001530733729460358 0.02019551813004513 0
-0.00149695557229066 0.02002570386653468 0
-0.007622006143218098 0.01565713831701196 0
-0.008176488013172955 0.01412640458755161 0
-0.007936003071609049 0.01407856915850598 0
-0.005833630944789002 0.01833363094478897 0
-0.006931691833215773 0.01713160840759441 0
-0.00672781854400355 0.01699538463090047 0
-0.003157138317011986 0.02012200614321808 0
-0.004631608407594445 0.01943169183321574 0
-0.004495384630900494 0.01922781854400353 0
-0.001626404587551628 0.02067648801317295 0
-0.001578569158505992 0.02043600307160904 0
-0.008083945909473728 0.01584848003319449 0
-0.00865745789630077 0.01422207544564288 0
-0.008416972954736864 0.01417424001659725 0
-0.006187184335382265 0.01868718433538221 0
-0.00733943841164022 0.01740405596098229 0
-0.007135565122427997 0.01726783218428835 0
-0.003348480033194525 0.0205839459094737 0
-0.004904055960982345 0.01983943841164017 0
-0.004767832184288395 0.01963556512242796 0
-0.001722075445642898 0.02115745789630075 0
-0.001674240016597263 0.02091697295473685 0
-0.008545885675729399 0.01603982174937701 0
-0.008987459030065734 0.01428771675239803 0
-0.00654073772597561 0.01904073772597546 0
-0.007619199864257235 0.01759098658733421 0
-0.003539821749377186 0.02104588567572932 0
-0.005090986587334369 0.02011919986425712 0
-0.001787716752398116 0.02148745903006569 0
2 27 0 49
841
842
843
844
845
846
847
848
849
850
851
852
853
854
855
856
857
858
859
860
861
862
863
864
865
866
867
868
869
870
871
872
873
874
875
876
877
878
879
880
881
882
883
884
885
886
887
888
889
-0.009707641669142879 0.01678911945560121 0
-0.01063842777942859 0.01744274630373414 0
-0.01156921388971429 0.01809637315186707 0
-0.008163135815954119 0.02066313581595406 0
-0.009608757210636081 0.02210875721063604 0
-0.01105437860531804 0.02355437860531802 0
-0.004289119455601252 0.02220764166914285 0
-0.004942746303734169 0.02313842777942857 0
-0.005596373151867087 0.02406921388971428 0
-0.009242248614000068 0.01646230603153474 0
-0.009978820834571439 0.0146445597278006 0
-0.009648140499201069 0.01449895889347689 0
-0.01017303472428573 0.01711593287966767 0
-0.01081921388971429 0.01497137315186707 0
-0.01039901736214287 0.01480796643983384 0
-0.01110382083457144 0.0177695597278006 0
-0.01165960694485715 0.01529818657593353 0
-0.01123941041728572 0.0151347798639003 0
-0.01203460694485715 0.01842318657593353 0
-0.01207980347242857 0.01546159328796677 0
-0.007440325118613221 0.01994032511861307 0
-0.008935388742548499 0.01872612763577763 0
-0.008417175029711375 0.01825202242473187 0
-0.0088859465132951 0.02138594651329505 0
-0.01012359249503233 0.01977575175718509 0
-0.009529490618790416 0.01925093969648136 0
-0.01033156790797706 0.02283156790797703 0
-0.01131179624751617 0.02082537587859255 0
-0.01071769437127425 0.02030056381788882 0
-0.01177718930265902 0.02427718930265901 0
-0.01190589812375809 0.02135018793929627 0
-0.003962306031534915 0.02174224861399999 0
-0.006226127635777685 0.02143538874254845 0
-0.005752022424732039 0.02091717502971126 0
-0.004615932879667711 0.02267303472428571 0
-0.007275751757185125 0.0226235924950323 0
-0.006750939696481405 0.02202949061879038 0
-0.005269559727800629 0.02360382083457142 0
-0.008325375878592564 0.02381179624751615 0
-0.007800563817888845 0.02321769437127423 0
-0.005923186575933546 0.02453460694485714 0
-0.008850187939296284 0.02440589812375808 0
-0.002144559727800626 0.02247882083457142 0
-0.00199895889347698 0.02214814049920103 0
-0.002471373151867085 0.02331921388971428 0
-0.002307966439833856 0.02289901736214285 0
-0.002798186575933544 0.02415960694485714 0
-0.002634779863900314 0.02373941041728571 0
-0.002961593287966773 0.02457980347242857 0
2 28 0 49
890
891
892
893
894
895
896
897
898
899
900
901
902
903
904
905
906
907
908
909
910
911
912
913
914
915
916
917
918
919
920
921
922
923
924
925
926
927
928
929
930
931
932
933
934
935
936
937
938
0.005889732019759439 0.01493960688132748 0
0.006236186844451176 0.01508311316846438 0
0.006582641669142913 0.01522661945560128 0
0.004507805730064185 0.01700780573006429 0
0.004772970773009158 0.01727297077300924 0
0.005038135815954132 0.01753813581595417 0
0.002439606881327347 0.0183897320197595 0
0.002583113168464292 0.01873618684445122 0
0.002726619455601236 0.01908264166914293 0
0.006132366009879719 0.01371980344066374 0
0.00571650460741357 0.01486785373775903 0
0.006008538846149549 0.01369517268638027 0
0.006493093422225588 0.01379155658423219 0
0.006062959432105307 0.01501136002489593 0
0.006312729716052653 0.01375568001244797 0
0.006853820834571456 0.01386330972780064 0
0.006409414256797044 0.01515486631203283 0
0.006673457128398523 0.01382743315601642 0
0.006755869081488781 0.01529837259916973 0
0.007104855218797842 0.0139132435714608 0
0.005198768874911812 0.01597370630569589 0
0.004375223208591699 0.01687522320859183 0
0.005093793274363521 0.01590356385190678 0
0.005504578808730167 0.01617804197073681 0
0.004640388251536671 0.01714038825153677 0
0.005351673841820989 0.01607587413821635 0
0.005810388742548522 0.01638237763577773 0
0.004905553294481645 0.0174055532944817 0
0.005657483775639345 0.01628020980325727 0
0.005170718337426618 0.01767071833742664 0
0.006023205417408805 0.01652457719171237 0
0.003473706305695766 0.0176987688749119 0
0.002367853737758874 0.01821650460741364 0
0.003403563851906637 0.01759379327436362 0
0.003678041970736725 0.01800457880873023 0
0.002511360024895819 0.01856295943210536 0
0.003575874138216245 0.01785167384182106 0
0.003882377635777684 0.01831038874254855 0
0.002654866312032764 0.01890941425679707 0
0.003780209803257204 0.01815748377563939 0
0.002798372599169707 0.01925586908148879 0
0.004024577191712351 0.01852320541740882 0
0.001219803440663673 0.01863236600987975 0
0.001195172686380138 0.01850853884614958 0
0.001291556584232146 0.01899309342222561 0
0.001255680012447909 0.01881272971605268 0
0.001363309727800618 0.01935382083457147 0
0.001327433156016383 0.01917345712839854 0
0.001413243571460793 0.01960485521879785 0
2 29 0 49
939
940
941
942
943
944
945
946
947
948
949
950
951
952
953
954
955
956
957
958
959
960
961
962
963
964
965
966
967
968
969
970
971
972
973
974
975
976
977
978
979
980
981
982
983
984
985
986
987
0.007391036260090286 0.01556146745892074 0
0.00785297602634592 0.0157528091751033 0
0.008314915792601556 0.01594415089128587 0
0.005656854249492348 0.01815685424949241 0
0.006010407640085589 0.01851040764008572 0
0.006363961030678832 0.01886396103067902 0
0.003061467458920662 0.01989103626009032 0
0.003252809175103146 0.02035297602634599 0
0.003444150891285631 0.02081491579260165 0
0.007695518130045143 0.01403073372946037 0
0.007160066376962468 0.01546579660082946 0
0.007525703866534685 0.01399695557229067 0
0.00817648801317296 0.01412640458755165 0
0.007622006143218103 0.01565713831701202 0
0.007936003071609053 0.01407856915850601 0
0.008657457896300777 0.01422207544564293 0
0.008083945909473738 0.01584848003319459 0
0.008416972954736868 0.01417424001659729 0
0.008545885675729375 0.01603982174937715 0
0.008987459030065729 0.0142877167523981 0
0.006523945254791317 0.01685916085420658 0
0.005480077554195727 0.01798007755419576 0
0.006379983673530203 0.0167629688009268 0
0.006931691833215755 0.01713160840759451 0
0.005833630944788969 0.01833363094478906 0
0.006727818544003536 0.01699538463090054 0
0.007339438411640194 0.01740405596098244 0
0.006187184335382211 0.01868718433538237 0
0.007135565122427974 0.01726783218428848 0
0.006540737725975454 0.01904073772597567 0
0.00761919986425715 0.01759098658733439 0
0.004359160854206505 0.01902394525479137 0
0.00296579660082942 0.01966006637696248 0
0.004262968800926761 0.01887998367353023 0
0.004631608407594368 0.01943169183321585 0
0.003157138317011904 0.02012200614321815 0
0.004495384630900436 0.01922781854400361 0
0.004904055960982231 0.01983943841164034 0
0.003348480033194389 0.02058394590947382 0
0.0047678321842883 0.0196355651224281 0
0.003539821749376873 0.02104588567572949 0
0.005090986587334136 0.02011919986425732 0
0.001530733729460331 0.02019551813004516 0
0.001496955572290648 0.02002570386653469 0
0.001626404587551573 0.02067648801317299 0
0.001578569158505952 0.02043600307160907 0
0.001722075445642816 0.02115745789630083 0
0.001674240016597195 0.02091697295473691 0
0.001787716752397874 0.02148745903006579 0
2 30 0 49
988
989
990
991
992
993
994
995
996
997
998
999
1000
1001
1002
1003
1004
1005
1006
1007
1008
1009
1010
1011
1012
1013
1014
1015
1016
1017
1018
1019
1020
1021
1022
1023
1024
1025
1026
1027
1028
1029
1030
1031
1032
1033
1034
1035
1036
0.004289119455601085 0.02220764166914299 0
0.008163135815954056 0.02066313581595424 0
0.009707641669142893 0.01678911945560133 0
0.004942746303734055 0.02313842777942866 0
0.009608757210636037 0.02210875721063616 0
0.0106384277794286 0.01744274630373422 0
0.005596373151867026 0.02406921388971433 0
0.01105437860531802 0.02355437860531808 0
0.0115692138897143 0.01809637315186711 0
0.0039623060315346 0.02174224861400016 0
0.002144559727800543 0.0224788208345715 0
0.001998958893476737 0.02214814049920112 0
0.007440325118613065 0.01994032511861329 0
0.00622612763577757 0.02143538874254862 0
0.005752022424731805 0.02091717502971146 0
0.009242248614000043 0.01646230603153488 0
0.008935388742548475 0.01872612763577779 0
0.00841717502971129 0.01825202242473206 0
0.009978820834571446 0.01464455972780066 0
0.009648140499201064 0.01449895889347696 0
0.00461593287966757 0.02267303472428583 0
0.002471373151867028 0.02331921388971433 0
0.002307966439833785 0.02289901736214291 0
0.008885946513295048 0.0213859465132952 0
0.007275751757185046 0.02262359249503241 0
0.006750939696481308 0.02202949061879052 0
0.01017303472428574 0.01711593287966777 0
0.01012359249503232 0.01977575175718519 0
0.009529490618790395 0.01925093969648149 0
0.0108192138897143 0.01497137315186711 0
0.01039901736214287 0.01480796643983389 0
0.00526955972780054 0.0236038208345715 0
0.002798186575933513 0.02415960694485716 0
0.002634779863900271 0.02373941041728575 0
0.01033156790797703 0.02283156790797712 0
0.008325375878592525 0.02381179624751621 0
0.007800563817888785 0.02321769437127431 0
0.01110382083457145 0.01776955972780066 0
0.01131179624751616 0.0208253758785926 0
0.01071769437127424 0.0203005638178889 0
0.01165960694485715 0.01529818657593356 0
0.01123941041728572 0.01513477986390033 0
0.005923186575933511 0.02453460694485717 0
0.002961593287966755 0.02457980347242858 0
0.01177718930265901 0.02427718930265904 0
0.008850187939296261 0.0244058981237581 0
0.01203460694485715 0.01842318657593356 0
0.01190589812375808 0.0213501879392963 0
0.01207980347242858 0.01546159328796678 0
2 31 0 49
1037
1038
1039
1040
1041
1042
1043
1044
1045
1046
1047
1048
1049
1050
1051
1052
1053
1054
1055
1056
1057
1058
1059
1060
1061
1062
1063
1064
1065
1066
1067
1068
1069
1070
1071
1072
1073
1074
1075
1076
1077
1078
1079
1080
1081
1082
1083
1084
1085
0.009707641669142893 0.008210880544398681 0
0.008163135815954063 0.004336864184045765 0
0.004289119455601098 0.002792358330857013 0
0.0106384277794286 0.007557253696265789 0
0.009608757210636042 0.002891242789363843 0
0.004942746303734067 0.001861572220571343 0
0.0115692138897143 0.006903626848132897 0
0.01105437860531802 0.001445621394681922 0
0.005596373151867035 0.0009307861102856715 0
0.009242248614000043 0.008537693968465127 0
0.009978820834571446 0.01035544027219934 0
0.009648140499201064 0.01050104110652304 0
0.007440325118613074 0.005059674881386725 0
0.008935388742548478 0.006273872364222222 0
0.008417175029711297 0.006747977575267952 0
0.003962306031534613 0.003257751385999849 0
0.00622612763577758 0.003564611257451389 0
0.005752022424731818 0.004082824970288551 0
0.002144559727800549 0.002521179165428507 0
0.001998958893476743 0.002851859500798882 0
0.01017303472428575 0.007884067120332235 0
0.0108192138897143 0.01002862684813289 0
0.01039901736214287 0.01019203356016612 0
0.008885946513295053 0.003614053486704804 0
0.01012359249503232 0.005224248242814816 0
0.009529490618790399 0.00574906030351852 0
0.004615932879667582 0.002326965275714177 0
0.007275751757185055 0.002376407504967593 0
0.006750939696481318 0.002970509381209491 0
0.002471373151867034 0.001680786110285671 0
0.002307966439833792 0.002100982637857088 0
0.01110382083457145 0.007230440272199342 0
0.01165960694485715 0.009701813424066449 0
0.01123941041728572 0.009865220136099672 0
0.01033156790797703 0.002168432092022883 0
0.01131179624751616 0.004174624121407409 0
0.01071769437127424 0.004699436182111113 0
0.005269559727800551 0.001396179165428507 0
0.008325375878592528 0.001188203752483796 0
0.007800563817888791 0.001782305628725695 0
0.002798186575933518 0.0008403930551428357 0
0.002634779863900275 0.001260589582714253 0
0.01203460694485715 0.006576813424066451 0
0.01207980347242858 0.009538406712033227 0
0.01177718930265901 0.000722810697340961 0
0.01190589812375808 0.003649812060703706 0
0.00592318657593352 0.0004653930551428362 0
0.008850187939296265 0.0005941018762418981 0
0.00296159328796676 0.0004201965275714183 0
2 32 0 49
1086
1087
1088
1089
1090
1091
1092
1093
1094
1095
1096
1097
1098
1099
1100
1101
1102
1103
1104
1105
1106
1107
1108
1109
1110
1111
1112
1113
1114
1115
1116
1117
1118
1119
1120
1121
1122
1123
1124
1125
1126
1127
1128
1129
1130
1131
1132
1133
1134
0.00344415089128564 0.004185084207398351 0
0.006363961030678838 0.006136038969320985 0
0.008314915792601555 0.009055849108714133 0
0.003252809175103151 0.004647023973654019 0
0.006010407640085591 0.006489592359914285 0
0.007852976026345918 0.009247190824896695 0
0.003061467458920664 0.005108963739909685 0
0.005656854249492344 0.006843145750507585 0
0.007391036260090283 0.009438532541079256 0
0.003539821749376885 0.003954114324270517 0
0.00172207544564282 0.003842542103699176 0
0.001787716752397878 0.003512540969934216 0
0.006540737725975462 0.005959262274024335 0
0.004904055960982239 0.005160561588359668 0
0.005090986587334147 0.00488080013574269 0
0.008545885675729373 0.008960178250622852 0
0.007339438411640196 0.007595944039017559 0
0.007619199864257156 0.00740901341266562 0
0.008657457896300777 0.01077792455435707 0
0.008987459030065729 0.01071228324760191 0
0.003348480033194396 0.004416054090526185 0
0.001626404587551576 0.004323511986827009 0
0.001674240016597197 0.004083027045263092 0
0.006187184335382214 0.006312815664617635 0
0.004631608407594371 0.005568308166784152 0
0.004767832184288305 0.00536443487757191 0
0.008083945909473736 0.009151519966805414 0
0.006931691833215754 0.00786839159240549 0
0.007135565122427976 0.007732167815711524 0
0.008176488013172958 0.01087359541244835 0
0.008416972954736868 0.01082575998340271 0
0.003157138317011907 0.004877993856781852 0
0.001530733729460332 0.004804481869954844 0
0.001578569158505954 0.004563996928390926 0
0.005833630944788967 0.006666369055210935 0
0.004359160854206503 0.005976054745208635 0
0.004495384630900438 0.005772181455996393 0
0.0076220061432181 0.009342861682987974 0
0.006523945254791313 0.008140839145793419 0
0.006727818544003534 0.008004615369099456 0
0.007695518130045141 0.01096926627053963 0
0.007936003071609051 0.01092143084149399 0
0.002965796600829419 0.005339933623037518 0
0.00149695557229065 0.004974296133465309 0
0.00548007755419572 0.007019922445804234 0
0.004262968800926758 0.006120016326469772 0
0.007160066376962464 0.009534203399170535 0
0.006379983673530197 0.008237031199073196 0
0.007525703866534684 0.01100304442770933 0
2 33 0 49
1135
1136
1137
1138
1139
1140
1141
1142
1143
1144
1145
1146
1147
1148
1149
1150
1151
1152
1153
1154
1155
1156
1157
1158
1159
1160
1161
1162
1163
1164
1165
1166
1167
1168
1169
1170
1171
1172
1173
1174
1175
1176
1177
1178
1179
1180
1181
1182
1183
0.002726619455601233 0.00591735833085707 0
0.005038135815954126 0.007461864184045826 0
0.00658264166914291 0.009773380544398715 0
0.002583113168464294 0.006263813155548789 0
0.004772970773009158 0.007727029226990768 0
0.006236186844451174 0.009916886831535618 0
0.002439606881327354 0.006610267980240508 0
0.004507805730064188 0.007992194269935709 0
0.005889732019759438 0.01006039311867252 0
0.002798372599169704 0.005744130918511211 0
0.001363309727800617 0.005646179165428535 0
0.001413243571460793 0.005395144781202154 0
0.005170718337426611 0.007329281662573356 0
0.00388237763577768 0.006689611257451448 0
0.004024577191712347 0.006476794582591179 0
0.006755869081488778 0.009701627400830266 0
0.005810388742548518 0.008617622364222271 0
0.0060232054174088 0.008475422808287621 0
0.006853820834571455 0.01113669027219936 0
0.007104855218797841 0.0110867564285392 0
0.002654866312032764 0.00609058574320293 0
0.001291556584232147 0.006006906577774395 0
0.001327433156016382 0.005826542871601465 0
0.004905553294481642 0.007594446705518297 0
0.003678041970736726 0.006995421191269779 0
0.003780209803257203 0.006842516224360613 0
0.006409414256797042 0.009845133687967167 0
0.005504578808730166 0.008821958029263194 0
0.005657483775639342 0.008719790196742731 0
0.006493093422225587 0.01120844341576781 0
0.006673457128398521 0.01117256684398358 0
0.002511360024895824 0.006437040567894649 0
0.001219803440663678 0.006367633990120254 0
0.001255680012447913 0.006187270283947325 0
0.004640388251536673 0.007859611748463238 0
0.003473706305695772 0.007301231125088108 0
0.003575874138216249 0.007148326158178944 0
0.006062959432105306 0.009988639975104067 0
0.005198768874911813 0.009026293694304112 0
0.00535167384182099 0.008924125861783653 0
0.006132366009879719 0.01128019655933626 0
0.006312729716052653 0.01124431998755203 0
0.002367853737758884 0.006783495392586368 0
0.001195172686380142 0.006491461153850421 0
0.004375223208591705 0.008124776791408179 0
0.003403563851906645 0.007406206725636387 0
0.005716504607413571 0.01013214626224097 0
0.005093793274363523 0.009096436148093221 0
0.006008538846149549 0.01130482731361973 0
2 34 0 9
1184
1185
1186
1187
1188
1189
1190
1191
1192
-0.006250000000000005 0.025 0.006
-0.003125000000000002 0.025 0.006
-0.006250000000000005 0.025 0.003
-0.003125000000000002 0.025 0.003
-0.006250000000000005 0.025 0.009000000000000001
-0.003125000000000002 0.025 0.009000000000000001
-0.009375000000000003 0.025 0.006
-0.009375000000000005 0.025 0.003
-0.009375000000000005 0.025 0.009000000000000001
2 35 0 21
1193
1194
1195
1196
1197
1198
1199
1200
1201
1202
1203
1204
1205
1206
1207
1208
1209
1210
1211
1212
1213
0 0.027 0.006
0 0.029 0.006
0 0.031 0.006
0 0.027 0.003
0 0.026 0.006
0 0.026 0.003
0 0.027 0.009000000000000001
0 0.026 0.009000000000000001
0 0.029 0.003
0 0.028 0.006
0 0.028 0.003
0 0.029 0.009000000000000001
0 0.028 0.009000000000000001
0 0.031 0.003
0 0.03 0.006
0 0.03 0.003
0 0.031 0.009000000000000001
0 0.03 0.009000000000000001
0 0.032 0.006
0 0.032 0.003
0 0.032 0.009000000000000001
2 36 0 9
1214
1215
1216
1217
1218
1219
1220
1221
1222
-0.006250000000000005 0.033 0.006
-0.006250000000000005 0.033 0.003
-0.003125000000000002 0.033 0.006
-0.003125000000000002 0.033 0.003
-0.006250000000000005 0.033 0.009000000000000001
-0.003125000000000002 0.033 0.009000000000000001
-0.009375000000000003 0.033 0.006
-0.009375000000000003 0.033 0.003
-0.009375000000000003 0.033 0.009000000000000001
2 37 0 21
1223
1224
1225
1226
1227
1228
1229
1230
1231
1232
1233
1234
1235
1236
1237
1238
1239
1240
1241
1242
1243
-0.0125 0.031 0.006
-0.0125 0.029 0.006
-0.0125 0.027 0.006
-0.0125 0.031 0.003
-0.0125 0.032 0.006
-0.0125 0.032 0.003
-0.0125 0.031 0.009000000000000001
-0.0125 0.032 0.009000000000000001
-0.0125 0.029 0.003
-0.0125 0.03 0.006
-0.0125 0.03 0.003
-0.0125 0.029 0.009000000000000001
-0.0125 0.03 0.009000000000000001
-0.0125 0.027 0.003
-0.0125 0.028 0.006
-0.0125 0.028 0.003
-0.0125 0.027 0.009000000000000001
-0.0125 0.028 0.009000000000000001
-0.0125 0.026 0.006
-0.0125 0.026 0.003
-0.0125 0.026 0.009000000000000001
2 38 0 21
1244
1245
1246
1247
1248
1249
1250
1251
1252
1253
1254
1255
1256
1257
1258
1259
1260
1261
1262
1263
1264
-0.006250000000000006 0.027 0.012
-0.006250000000000005 0.029 0.012
-0.006250000000000006 0.031 0.012
-0.003125000000000003 0.027 0.012
-0.006250000000000006 0.026 0.012
-0.003125000000000003 0.026 0.012
-0.003125000000000002 0.029 0.012
-0.006250000000000006 0.028 0.012
-0.003125000000000002 0.028 0.012
-0.003125000000000003 0.031 0.012
-0.006250000000000006 0.03 0.012
-0.003125000000000003 0.03 0.012
-0.006250000000000006 0.032 0.012
-0.003125000000000002 0.032 0.012
-0.009375000000000003 0.027 0.012
-0.009375000000000003 0.026 0.012
-0.009375000000000003 0.029 0.012
-0.009375000000000001 0.028 0.012
-0.009375000000000003 0.031 0.012
-0.009375000000000001 0.03 0.012
-0.009375000000000003 0.032 0.012
2 39 0 9
1265
1266
1267
1268
1269
1270
1271
1272
1273
0.006249999999999996 0.025 0.006
0.009374999999999998 0.025 0.006
0.006249999999999996 0.025 0.003
0.009374999999999998 0.025 0.003
0.006249999999999996 0.025 0.009000000000000001
0.009374999999999998 0.025 0.009000000000000001
0.003124999999999998 0.025 0.006
0.003124999999999998 0.025 0.003
0.003124999999999998 0.025 0.009000000000000001
2 40 0 21
1274
1275
1276
1277
1278
1279
1280
1281
1282
1283
1284
1285
1286
1287
1288
1289
1290
1291
1292
1293
1294
0.0125 0.027 0.006
0.0125 0.029 0.006
0.0125 0.031 0.006
0.0125 0.027 0.003
0.0125 0.026 0.006
0.0125 0.026 0.003
0.0125 0.027 0.009000000000000001
0.0125 0.026 0.009000000000000001
0.0125 0.029 0.003
0.0125 0.028 0.006
0.0125 0.028 0.003
0.0125 0.029 0.009000000000000001
0.0125 0.028 0.009000000000000001
0.0125 0.031 0.003
0.0125 0.03 0.006
0.0125 0.03 0.003
0.0125 0.031 0.009000000000000001
0.0125 0.03 0.009000000000000001
0.0125 0.032 0.006
0.0125 0.032 0.003
0.0125 0.032 0.009000000000000001
2 41 0 9
1295
1296
1297
1298
1299
1300
1301
1302
1303
0.006249999999999996 0.033 0.006
0.006249999999999996 0.033 0.003
0.009374999999999998 0.033 0.006
0.009374999999999998 0.033 0.003
0.006249999999999996 0.033 0.009000000000000001
0.009374999999999998 0.033 0.009000000000000001
0.003124999999999998 0.033 0.006
0.003124999999999998 0.033 0.003
0.003124999999999998 0.033 0.009000000000000001
2 42 0 21
1304
1305
1306
1307
1308
1309
1310
1311
1312
1313
1314
1315
1316
1317
1318
1319
1320
1321
1322
1323
1324
0.006249999999999995 0.027 0.012
0.006249999999999995 0.029 0.012
0.006249999999999995 0.031 0.012
0.009374999999999998 0.027 0.012
0.006249999999999995 0.026 0.012
0.009374999999999998 0.026 0.012
0.009374999999999998 0.029 0.012
0.006249999999999995 0.028 0.012
0.009374999999999998 0.028 0.012
0.009374999999999998 0.031 0.012
0.006249999999999995 0.03 0.012
0.009374999999999998 0.03 0.012
0.006249999999999995 0.032 0.012
0.009374999999999998 0.032 0.012
0.003124999999999998 0.027 0.012
0.003124999999999998 0.026 0.012
0.003124999999999998 0.029 0.012
0.003124999999999998 0.028 0.012
0.003124999999999998 0.031 0.012
0.003124999999999998 0.03 0.012
0.003124999999999998 0.032 0.012
2 43 0 9
1325
1326
1327
1328
1329
1330
1331
1332
1333
-0.0125 0.006249999999999996 0.006
-0.0125 0.006249999999999996 0.003
-0.0125 0.009375 0.006
-0.0125 0.009374999999999998 0.003
-0.0125 0.006249999999999996 0.009000000000000001
-0.0125 0.009374999999999998 0.009000000000000001
-0.0125 0.003124999999999998 0.006
-0.0125 0.003124999999999998 0.003
-0.0125 0.003124999999999998 0.009000000000000001
2 44 0 21
1334
1335
1336
1337
1338
1339
1340
1341
1342
1343
1344
1345
1346
1347
1348
1349
1350
1351
1352
1353
1354
-0.01025 0.0125 0.006
-0.011 0.0125 0.006
-0.01175 0.0125 0.006
-0.01025 0.0125 0.003
-0.009874999999999998 0.0125 0.006
-0.009875 0.0125 0.003
-0.01025 0.0125 0.009000000000000001
-0.009875 0.0125 0.009000000000000001
-0.011 0.0125 0.003
-0.010625 0.0125 0.006
-0.010625 0.0125 0.003
-0.011 0.0125 0.009000000000000001
-0.010625 0.0125 0.009000000000000001
-0.01175 0.0125 0.003
-0.011375 0.0125 0.006
-0.011375 0.0125 0.003
-0.01175 0.0125 0.009000000000000001
-0.011375 0.0125 0.009000000000000001
-0.012125 0.0125 0.006
-0.012125 0.0125 0.003
-0.012125 0.0125 0.009000000000000001
2 45 0 21
1355
1356
1357
1358
1359
1360
1361
1362
1363
1364
1365
1366
1367
1368
1369
1370
1371
1372
1373
1374
1375
-0.008776855558857254 0.00886450739253172 0.006
-0.006717514421272304 0.005782485578727902 0.006
-0.003635492607468569 0.003723144441142866 0.006
-0.009317460163830673 0.0106466419408467 0.006
-0.008776855558857254 0.00886450739253172 0.003
-0.009317460163830685 0.01064664194084676 0.003
-0.008776855558857254 0.00886450739253172 0.009000000000000001
-0.009317460163830685 0.01064664194084676 0.009000000000000001
-0.007898961316874243 0.007222082786313874 0.006
-0.006717514421272304 0.005782485578727902 0.003
-0.007898961316874243 0.007222082786313873 0.003
-0.006717514421272304 0.005782485578727902 0.009000000000000001
-0.007898961316874243 0.007222082786313873 0.009000000000000001
-0.005277917213686382 0.004601038683125929 0.006
-0.003635492607468569 0.003723144441142866 0.003
-0.005277917213686378 0.004601038683125926 0.003
-0.003635492607468569 0.003723144441142866 0.009000000000000001
-0.005277917213686378 0.004601038683125926 0.009000000000000001
-0.001853358059153495 0.003182539836169366 0.006
-0.001853358059153495 0.003182539836169366 0.003
-0.001853358059153495 0.003182539836169366 0.009000000000000001
2 46 0 21
1376
1377
1378
1379
1380
1381
1382
1383
1384
1385
1386
1387
1388
1389
1390
1391
1392
1393
1394
1395
1396
0 0.00075 0.006
0 0.0015 0.006
0 0.002250000000000001 0.006
0 0.00075 0.003
0 0.000375 0.006
0 0.000375 0.003
0 0.00075 0.009000000000000001
0 0.000375 0.009000000000000001
0 0.0015 0.003
0 0.001125 0.006
0 0.001125 0.003
0 0.0015 0.009000000000000001
0 0.001125 0.009000000000000001
0 0.002250000000000001 0.003
0 0.001875 0.006
0 0.001875 0.003
0 0.002250000000000001 0.009000000000000001
0 0.001875 0.009000000000000001
0 0.002625000000000001 0.006
0 0.002625000000000001 0.003
0 0.002625000000000001 0.009000000000000001
2 47 0 9
1397
1398
1399
1400
1401
1402
1403
1404
1405
-0.006249999999999996 0 0.006
-0.006249999999999996 0 0.003
-0.009374999999999998 0 0.006
-0.009374999999999998 0 0.003
-0.006249999999999996 0 0.009000000000000001
-0.009374999999999998 0 0.009000000000000001
-0.003124999999999998 0 0.006
-0.003124999999999998 0 0.003
-0.003124999999999998 0 0.009000000000000001
2 48 0 49
1406
1407
1408
1409
1410
1411
1412
1413
1414
1415
1416
1417
1418
1419
1420
1421
1422
1423
1424
1425
1426
1427
1428
1429
1430
1431
1432
1433
1434
1435
1436
1437
1438
1439
1440
1441
1442
1443
1444
1445
1446
1447
1448
1449
1450
1451
1452
1453
1454
-0.009707641669142878 0.008210880544398788 0.012
-0.01063842777942858 0.007557253696265857 0.012
-0.01156921388971429 0.006903626848132927 0.012
-0.008163135815954103 0.004336864184045927 0.012
-0.009608757210636068 0.002891242789363952 0.012
-0.01105437860531804 0.001445621394681977 0.012
-0.004289119455601239 0.00279235833085715 0.012
-0.004942746303734159 0.001861572220571433 0.012
-0.005596373151867076 0.0009307861102857175 0.012
-0.009978820834571439 0.0103554402721994 0.012
-0.009242248614000066 0.008537693968465255 0.012
-0.009648140499201069 0.01050104110652311 0.012
-0.01081921388971429 0.01002862684813293 0.012
-0.01017303472428573 0.007884067120332322 0.012
-0.01039901736214286 0.01019203356016616 0.012
-0.01165960694485715 0.009701813424066464 0.012
-0.01110382083457144 0.007230440272199393 0.012
-0.01123941041728572 0.009865220136099697 0.012
-0.01203460694485715 0.006576813424066462 0.012
-0.01207980347242857 0.00953840671203323 0.012
-0.00893538874254849 0.006273872364222358 0.012
-0.007440325118613204 0.005059674881386915 0.012
-0.008417175029711368 0.006747977575268116 0.012
-0.01012359249503233 0.005224248242814904 0.012
-0.008885946513295086 0.003614053486704939 0.012
-0.009529490618790409 0.005749060303518631 0.012
-0.01131179624751616 0.004174624121407452 0.012
-0.01033156790797705 0.002168432092022964 0.012
-0.01071769437127424 0.004699436182111178 0.012
-0.01177718930265902 0.0007228106973409879 0.012
-0.01190589812375808 0.003649812060703725 0.012
-0.006226127635777672 0.003564611257451538 0.012
-0.003962306031534904 0.003257751386000008 0.012
-0.005752022424732023 0.004082824970288731 0.012
-0.007275751757185114 0.002376407504967692 0.012
-0.004615932879667699 0.002326965275714292 0.012
-0.006750939696481393 0.002970509381209616 0.012
-0.008325375878592556 0.001188203752483847 0.012
-0.005269559727800618 0.001396179165428575 0.012
-0.007800563817888835 0.001782305628725769 0.012
-0.005923186575933536 0.0004653930551428587 0.012
-0.008850187939296277 0.0005941018762419233 0.012
-0.002144559727800619 0.002521179165428575 0.012
-0.001998958893476975 0.002851859500798971 0.012
-0.002471373151867079 0.001680786110285716 0.012
-0.00230796643983385 0.002100982637857145 0.012
-0.002798186575933538 0.0008403930551428591 0.012
-0.002634779863900309 0.001260589582714288 0.012
-0.002961593287966768 0.0004201965275714295 0.012
2 49 0 21
1455
1456
1457
1458
1459
1460
1461
1462
1463
1464
1465
1466
1467
1468
1469
1470
1471
1472
1473
1474
1475
-0.008 0.0125 0.006
-0.008499999999999999 0.0125 0.006
-0.008999999999999999 0.0125 0.006
-0.008 0.0125 0.003
-0.00775 0.0125 0.006
-0.00775 0.0125 0.003
-0.008 0.0125 0.009000000000000001
-0.00775 0.0125 0.009000000000000001
-0.008499999999999999 0.0125 0.003
-0.00825 0.0125 0.006
-0.00825 0.0125 0.003
-0.008499999999999999 0.0125 0.009000000000000001
-0.00825 0.0125 0.009000000000000001
-0.008999999999999999 0.0125 0.003
-0.008749999999999999 0.0125 0.006
-0.008749999999999999 0.0125 0.003
-0.008999999999999999 0.0125 0.009000000000000001
-0.008749999999999999 0.0125 0.009000000000000001
-0.00925 0.0125 0.006
-0.00925 0.0125 0.003
-0.00925 0.0125 0.009000000000000001
2 50 0 21
1476
1477
1478
1479
1480
1481
1482
1483
1484
1485
1486
1487
1488
1489
1490
1491
1492
1493
1494
1495
1496
-0.006929096493834651 0.009629874257261828 0.006
-0.005303300858899112 0.0071966991411009 0.006
-0.002870125742738171 0.00557090350616535 0.006
-0.007355889603024203 0.01103682258487892 0.006
-0.006929096493834651 0.009629874257261828 0.003
-0.007355889603024217 0.01103682258487898 0.003
-0.006929096493834651 0.009629874257261828 0.009000000000000001
-0.007355889603024217 0.01103682258487898 0.009000000000000001
-0.006236022092269092 0.00833322325235299 0.006
-0.005303300858899112 0.0071966991411009 0.003
-0.006236022092269092 0.008333223252352988 0.003
-0.005303300858899112 0.0071966991411009 0.009000000000000001
-0.006236022092269092 0.008333223252352988 0.009000000000000001
-0.004166776747647022 0.006263977907730915 0.006
-0.002870125742738171 0.00557090350616535 0.003
-0.004166776747647019 0.006263977907730913 0.003
-0.002870125742738171 0.00557090350616535 0.009000000000000001
-0.004166776747647019 0.006263977907730913 0.009000000000000001
-0.001463177415120958 0.005144110396975772 0.006
-0.001463177415120955 0.005144110396975771 0.003
-0.001463177415120955 0.005144110396975771 0.009000000000000001
2 51 0 21
1497
1498
1499
1500
1501
1502
1503
1504
1505
1506
1507
1508
1509
1510
1511
1512
1513
1514
1515
1516
1517
0 0.003500000000000001 0.006
0 0.004000000000000001 0.006
0 0.004500000000000001 0.006
0 0.003500000000000001 0.003
0 0.003250000000000001 0.006
0 0.003250000000000001 0.003
0 0.003500000000000001 0.009000000000000001
0 0.003250000000000001 0.009000000000000001
0 0.004000000000000001 0.003
0 0.003750000000000001 0.006
0 0.003750000000000001 0.003
0 0.004000000000000001 0.009000000000000001
0 0.003750000000000001 0.009000000000000001
0 0.004500000000000001 0.003
0 0.004250000000000001 0.006
0 0.004250000000000001 0.003
0 0.004500000000000001 0.009000000000000001
0 0.004250000000000001 0.009000000000000001
0 0.004750000000000001 0.006
0 0.004750000000000002 0.003
0 0.004750000000000002 0.009000000000000001
2 52 0 49
1518
1519
1520
1521
1522
1523
1524
1525
1526
1527
1528
1529
1530
1531
1532
1533
1534
1535
1536
1537
1538
1539
1540
1541
1542
1543
1544
1545
1546
1547
1548
1549
1550
1551
1552
1553
1554
1555
1556
1557
1558
1559
1560
1561
1562
1563
1564
1565
1566
-0.008314915792601543 0.009055849108714245 0.012
-0.007852976026345913 0.009247190824896773 0.012
-0.007391036260090284 0.009438532541079302 0.012
-0.006363961030678883 0.006136038969321151 0.012
-0.006010407640085628 0.006489592359914401 0.012
-0.005656854249492373 0.006843145750507651 0.012
-0.003444150891285786 0.004185084207398488 0.012
-0.00325280917510325 0.004647023973654108 0.012
-0.003061467458920717 0.005108963739909729 0.012
-0.008545885675729399 0.008960178250622983 0.012
-0.00865745789630077 0.01077792455435712 0.012
-0.008987459030065734 0.01071228324760197 0.012
-0.008083945909473728 0.009151519966805509 0.012
-0.008176488013172955 0.01087359541244839 0.012
-0.008416972954736864 0.01082575998340276 0.012
-0.007622006143218098 0.009342861682988039 0.012
-0.007695518130045141 0.01096926627053965 0.012
-0.007936003071609049 0.01092143084149402 0.012
-0.007160066376962468 0.009534203399170566 0.012
-0.007525703866534685 0.01100304442770934 0.012
-0.006540737725975593 0.005959262274024527 0.012
-0.007339438411640213 0.007595944039017698 0.012
-0.007619199864257228 0.007409013412665786 0.012
-0.006187184335382255 0.006312815664617776 0.012
-0.006931691833215771 0.007868391592405587 0.012
-0.007135565122427991 0.007732167815711642 0.012
-0.005833630944789001 0.006666369055211026 0.012
-0.006523945254791328 0.008140839145793477 0.012
-0.00672781854400355 0.008004615369099532 0.012
-0.005480077554195743 0.007019922445804275 0.012
-0.00637998367353021 0.008237031199073232 0.012
-0.003539821749377178 0.003954114324270677 0.012
-0.004904055960982335 0.005160561588359819 0.012
-0.005090986587334354 0.004880800135742871 0.012
-0.003348480033194518 0.004416054090526297 0.012
-0.00463160840759444 0.005568308166784254 0.012
-0.004767832184288387 0.005364434877572037 0.012
-0.003157138317011983 0.004877993856781919 0.012
-0.004359160854206545 0.00597605474520869 0.012
-0.004495384630900492 0.005772181455996473 0.012
-0.002965796600829444 0.00533993362303754 0.012
-0.00426296880092678 0.006120016326469801 0.012
-0.001722075445642893 0.003842542103699245 0.012
-0.001787716752398111 0.003512540969934305 0.012
-0.001626404587551625 0.004323511986827054 0.012
-0.00167424001659726 0.004083027045263149 0.012
-0.001530733729460358 0.004804481869954865 0.012
-0.001578569158505991 0.00456399692839096 0.012
-0.001496955572290659 0.004974296133465318 0.012
2 53 0 21
1567
1568
1569
1570
1571
1572
1573
1574
1575
1576
1577
1578
1579
1580
1581
1582
1583
1584
1585
1586
1587
-0.006375 0.0125 0.006
-0.00675 0.0125 0.006
-0.007124999999999999 0.0125 0.006
-0.006375 0.0125 0.003
-0.0061875 0.0125 0.006
-0.0061875 0.0125 0.003
-0.006375 0.0125 0.009000000000000001
-0.0061875 0.0125 0.009000000000000001
-0.00675 0.0125 0.003
-0.0065625 0.0125 0.006
-0.0065625 0.0125 0.003
-0.00675 0.0125 0.009000000000000001
-0.0065625 0.0125 0.009000000000000001
-0.007124999999999999 0.0125 0.003
-0.006937499999999999 0.0125 0.006
-0.0069375 0.0125 0.003
-0.007124999999999999 0.0125 0.009000000000000001
-0.0069375 0.0125 0.009000000000000001
-0.0073125 0.0125 0.006
-0.0073125 0.0125 0.003
-0.0073125 0.0125 0.009000000000000001
2 54 0 21
1588
1589
1590
1591
1592
1593
1594
1595
1596
1597
1598
1599
1600
1601
1602
1603
1604
1605
1606
1607
1608
-0.005543277195067737 0.0102038994058095 0.006
-0.004242640687119342 0.008257359312880772 0.006
-0.00229610059419066 0.00695672280493233 0.006
-0.005884711682419363 0.01132945806790313 0.006
-0.005543277195067738 0.0102038994058095 0.003
-0.005884711682419375 0.01132945806790319 0.003
-0.005543277195067738 0.0102038994058095 0.009000000000000001
-0.005884711682419375 0.01132945806790319 0.009000000000000001
-0.004988817673815307 0.00916657860188244 0.006
-0.004242640687119342 0.008257359312880772 0.003
-0.004988817673815306 0.00916657860188244 0.003
-0.004242640687119342 0.008257359312880772 0.009000000000000001
-0.004988817673815306 0.00916657860188244 0.009000000000000001
-0.003333421398117702 0.007511182326184788 0.006
-0.00229610059419066 0.00695672280493233 0.003
-0.003333421398117702 0.007511182326184787 0.003
-0.00229610059419066 0.00695672280493233 0.009000000000000001
-0.003333421398117702 0.007511182326184787 0.009000000000000001
-0.001170541932096929 0.00661528831758065 0.006
-0.001170541932096926 0.00661528831758065 0.003
-0.001170541932096926 0.00661528831758065 0.009000000000000001
2 55 0 21
1609
1610
1611
1612
1613
1614
1615
1616
1617
1618
1619
1620
1621
1622
1623
1624
1625
1626
1627
1628
1629
0 0.005375 0.006
0 0.005750000000000001 0.006
0 0.006125 0.006
0 0.005375 0.003
0 0.005187500000000001 0.006
0 0.005187500000000001 0.003
0 0.005375 0.009000000000000001
0 0.005187500000000001 0.009000000000000001
0 0.005750000000000001 0.003
0 0.005562500000000001 0.006
0 0.005562500000000001 0.003
0 0.005750000000000001 0.009000000000000001
0 0.005562500000000001 0.009000000000000001
0 0.006125 0.003
0 0.0059375 0.006
0 0.0059375 0.003
0 0.006125 0.009000000000000001
0 0.0059375 0.009000000000000001
0 0.0063125 0.006
0 0.0063125 0.003
0 0.0063125 0.009000000000000001
2 56 0 49
1630
1631
1632
1633
1634
1635
1636
1637
1638
1639
1640
1641
1642
1643
1644
1645
1646
1647
1648
1649
1650
1651
1652
1653
1654
1655
1656
1657
1658
1659
1660
1661
1662
1663
1664
1665
1666
1667
1668
1669
1670
1671
1672
1673
1674
1675
1676
1677
1678
-0.006582641669142913 0.009773380544398746 0.012
-0.006236186844451173 0.009916886831535665 0.012
-0.005889732019759431 0.01006039311867258 0.012
-0.005038135815954151 0.007461864184045867 0.012
-0.004772970773009183 0.007727029226990837 0.012
-0.004507805730064215 0.007992194269935804 0.012
-0.002726619455601265 0.005917358330857094 0.012
-0.00258311316846435 0.006263813155548839 0.012
-0.002439606881327437 0.006610267980240584 0.012
-0.006755869081488782 0.009701627400830286 0.012
-0.006853820834571456 0.01113669027219937 0.012
-0.007104855218797842 0.01108675642853921 0.012
-0.006409414256797042 0.009845133687967206 0.012
-0.006493093422225586 0.01120844341576783 0.012
-0.006673457128398522 0.0111725668439836 0.012
-0.006062959432105302 0.009988639975104125 0.012
-0.006132366009879715 0.01128019655933629 0.012
-0.006312729716052651 0.01124431998755206 0.012
-0.005716504607413584 0.01013214626224104 0.012
-0.006008538846149551 0.01130482731361977 0.012
-0.005170718337426631 0.007329281662573383 0.012
-0.005810388742548532 0.008617622364222307 0.012
-0.006023205417408811 0.008475422808287647 0.012
-0.004905553294481666 0.007594446705518352 0.012
-0.005504578808730178 0.008821958029263251 0.012
-0.005657483775639354 0.008719790196742778 0.012
-0.004640388251536699 0.00785961174846332 0.012
-0.005198768874911823 0.009026293694304195 0.012
-0.005351673841821 0.008924125861783722 0.012
-0.004375223208591779 0.008124776791408288 0.012
-0.005093793274363564 0.009096436148093317 0.012
-0.002798372599169719 0.005744130918511222 0.012
-0.003882377635777708 0.006689611257451481 0.012
-0.004024577191712363 0.006476794582591197 0.012
-0.002654866312032808 0.006090585743202967 0.012
-0.003678041970736767 0.006995421191269838 0.012
-0.003780209803257237 0.006842516224360659 0.012
-0.002511360024895893 0.006437040567894712 0.012
-0.003473706305695826 0.007301231125088194 0.012
-0.003575874138216297 0.007148326158179016 0.012
-0.002367853737759049 0.006783495392586457 0.012
-0.003403563851906763 0.007406206725636491 0.012
-0.001363309727800632 0.005646179165428547 0.012
-0.001413243571460795 0.00539514478120216 0.012
-0.001291556584232175 0.00600690657777442 0.012
-0.001327433156016403 0.005826542871601484 0.012
-0.001219803440663718 0.006367633990120292 0.012
-0.001255680012447948 0.006187270283947357 0.012
-0.001195172686380275 0.006491461153850471 0.012
2 57 0 21
1679
1680
1681
1682
1683
1684
1685
1686
1687
1688
1689
1690
1691
1692
1693
1694
1695
1696
1697
1698
1699
-0.002870125742738173 0.01942909649383465 0.006
-0.005303300858899106 0.01780330085889911 0.006
-0.00692909649383465 0.01537012574273817 0.006
-0.002870125742738173 0.01942909649383465 0.003
-0.001463177415120958 0.01985588960302423 0.006
-0.001463177415120958 0.01985588960302423 0.003
-0.002870125742738173 0.01942909649383465 0.009000000000000001
-0.001463177415120958 0.01985588960302423 0.009000000000000001
-0.005303300858899106 0.01780330085889911 0.003
-0.004166776747647017 0.01873602209226909 0.006
-0.004166776747647017 0.01873602209226909 0.003
-0.005303300858899106 0.01780330085889911 0.009000000000000001
-0.004166776747647017 0.01873602209226909 0.009000000000000001
-0.00692909649383465 0.01537012574273817 0.003
-0.00623602209226909 0.01666677674764701 0.006
-0.00623602209226909 0.01666677674764701 0.003
-0.00692909649383465 0.01537012574273817 0.009000000000000001
-0.00623602209226909 0.01666677674764701 0.009000000000000001
-0.007355889603024251 0.01396317741512084 0.006
-0.00735588960302424 0.0139631774151209 0.003
-0.00735588960302424 0.0139631774151209 0.009000000000000001
2 58 0 21
1700
1701
1702
1703
1704
1705
1706
1707
1708
1709
1710
1711
1712
1713
1714
1715
1716
1717
1718
1719
1720
0 0.018875 0.006
0 0.01925 0.006
0 0.019625 0.006
0 0.018875 0.003
0 0.0186875 0.006
0 0.0186875 0.003
0 0.018875 0.009000000000000001
0 0.0186875 0.009000000000000001
0 0.01925 0.003
0 0.0190625 0.006
0 0.0190625 0.003
0 0.01925 0.009000000000000001
0 0.0190625 0.009000000000000001
0 0.019625 0.003
0 0.0194375 0.006
0 0.0194375 0.003
0 0.019625 0.009000000000000001
0 0.0194375 0.009000000000000001
0 0.0198125 0.006
0 0.0198125 0.003
0 0.0198125 0.009000000000000001
2 59 0 21
1721
1722
1723
1724
1725
1726
1727
1728
1729
1730
1731
1732
1733
1734
1735
1736
1737
1738
1739
1740
1741
-0.002296100594190669 0.01804327719506767 0.006
-0.004242640687119355 0.01674264068711922 0.006
-0.00554327719506774 0.01479610059419049 0.006
-0.001170541932096931 0.01838471168241935 0.006
-0.002296100594190669 0.01804327719506767 0.003
-0.001170541932096931 0.01838471168241935 0.003
-0.002296100594190669 0.01804327719506767 0.009000000000000001
-0.001170541932096931 0.01838471168241935 0.009000000000000001
-0.003333421398117714 0.01748881767381521 0.006
-0.004242640687119355 0.01674264068711922 0.003
-0.003333421398117714 0.01748881767381521 0.003
-0.004242640687119355 0.01674264068711922 0.009000000000000001
-0.003333421398117714 0.01748881767381521 0.009000000000000001
-0.004988817673815314 0.01583342139811755 0.006
-0.00554327719506774 0.01479610059419049 0.003
-0.004988817673815314 0.01583342139811755 0.003
-0.00554327719506774 0.01479610059419049 0.009000000000000001
-0.004988817673815314 0.01583342139811755 0.009000000000000001
-0.005884711682419412 0.01367054193209662 0.006
-0.0058847116824194 0.01367054193209669 0.003
-0.0058847116824194 0.01367054193209669 0.009000000000000001
2 60 0 49
1742
1743
1744
1745
1746
1747
1748
1749
1750
1751
1752
1753
1754
1755
1756
1757
1758
1759
1760
1761
1762
1763
1764
1765
1766
1767
1768
1769
1770
1771
1772
1773
1774
1775
1776
1777
1778
1779
1780
1781
1782
1783
1784
1785
1786
1787
1788
1789
1790
-0.005889732019759467 0.01493960688132741 0.012
-0.004507805730064293 0.01700780573006419 0.012
-0.002439606881327546 0.01838973201975942 0.012
-0.006236186844451196 0.01508311316846433 0.012
-0.004772970773009232 0.01727297077300916 0.012
-0.002583113168464423 0.01873618684445116 0.012
-0.006582641669142924 0.01522661945560125 0.012
-0.005038135815954171 0.01753813581595413 0.012
-0.002726619455601301 0.01908264166914291 0.012
-0.005716504607413604 0.01486785373775895 0.012
-0.006132366009879734 0.01371980344066371 0.012
-0.006008538846149561 0.01369517268638023 0.012
-0.004375223208591824 0.0168752232085917 0.012
-0.00519876887491188 0.0159737063056958 0.012
-0.005093793274363597 0.01590356385190668 0.012
-0.002367853737759107 0.01821650460741354 0.012
-0.00347370630569592 0.0176987688749118 0.012
-0.003403563851906816 0.0175937932743635 0.012
-0.001219803440663773 0.01863236600987971 0.012
-0.001195172686380352 0.01850853884614953 0.012
-0.006062959432105332 0.01501136002489587 0.012
-0.006493093422225598 0.01379155658423217 0.012
-0.006312729716052666 0.01375568001244794 0.012
-0.004640388251536762 0.01714038825153668 0.012
-0.005504578808730214 0.01617804197073675 0.012
-0.005351673841821047 0.01607587413821628 0.012
-0.002511360024895984 0.01856295943210529 0.012
-0.003678041970736827 0.01800457880873016 0.012
-0.003575874138216374 0.01785167384182098 0.012
-0.001291556584232211 0.01899309342222558 0.012
-0.001255680012447992 0.01881272971605264 0.012
-0.00640941425679706 0.01515486631203279 0.012
-0.006853820834571461 0.01386330972780063 0.012
-0.00667345712839853 0.0138274331560164 0.012
-0.004905553294481701 0.01740555329448165 0.012
-0.005810388742548547 0.01638237763577769 0.012
-0.00565748377563938 0.01628020980325722 0.012
-0.002654866312032862 0.01890941425679703 0.012
-0.003882377635777736 0.01831038874254852 0.012
-0.003780209803257282 0.01815748377563934 0.012
-0.001363309727800651 0.01935382083457145 0.012
-0.00132743315601643 0.01917345712839852 0.012
-0.006755869081488787 0.01529837259916971 0.012
-0.007104855218797845 0.01391324357146079 0.012
-0.005170718337426638 0.01767071833742662 0.012
-0.006023205417408819 0.01652457719171236 0.012
-0.002798372599169737 0.01925586908148878 0.012
-0.004024577191712377 0.0185232054174088 0.012
-0.001413243571460806 0.01960485521879784 0.012
2 61 0 21
1791
1792
1793
1794
1795
1796
1797
1798
1799
1800
1801
1802
1803
1804
1805
1806
1807
1808
1809
1810
1811
-0.003635492607468578 0.02127685555885713 0.006
-0.006717514421272323 0.01921751442127208 0.006
-0.008776855558857256 0.01613549260746828 0.006
-0.003635492607468578 0.02127685555885713 0.003
-0.001853358059153497 0.02181746016383063 0.006
-0.001853358059153497 0.02181746016383063 0.003
-0.003635492607468578 0.02127685555885713 0.009000000000000001
-0.001853358059153497 0.02181746016383063 0.009000000000000001
-0.00671751442127232 0.01921751442127208 0.003
-0.005277917213686393 0.02039896131687406 0.006
-0.005277917213686391 0.02039896131687406 0.003
-0.00671751442127232 0.01921751442127208 0.009000000000000001
-0.005277917213686391 0.02039896131687406 0.009000000000000001
-0.008776855558857254 0.01613549260746828 0.003
-0.007898961316874249 0.01777791721368612 0.006
-0.007898961316874247 0.01777791721368611 0.003
-0.008776855558857254 0.01613549260746828 0.009000000000000001
-0.007898961316874247 0.01777791721368611 0.009000000000000001
-0.009317460163830721 0.01435335805915306 0.006
-0.009317460163830709 0.01435335805915312 0.003
-0.009317460163830709 0.01435335805915312 0.009000000000000001
2 62 0 21
1812
1813
1814
1815
1816
1817
1818
1819
1820
1821
1822
1823
1824
1825
1826
1827
1828
1829
1830
1831
1832
0 0.0205 0.006
0 0.021 0.006
0 0.0215 0.006
0 0.0205 0.003
0 0.02025 0.006
0 0.02025 0.003
0 0.0205 0.009000000000000001
0 0.02025 0.009000000000000001
0 0.021 0.003
0 0.02075 0.006
0 0.02075 0.003
0 0.021 0.009000000000000001
0 0.02075 0.009000000000000001
0 0.0215 0.003
0 0.02125 0.006
0 0.02125 0.003
0 0.0215 0.009000000000000001
0 0.02125 0.009000000000000001
0 0.02175 0.006
0 0.02175 0.003
0 0.02175 0.009000000000000001
2 63 0 49
1833
1834
1835
1836
1837
1838
1839
1840
1841
1842
1843
1844
1845
1846
1847
1848
1849
1850
1851
1852
1853
1854
1855
1856
1857
1858
1859
1860
1861
1862
1863
1864
1865
1866
1867
1868
1869
1870
1871
1872
1873
1874
1875
1876
1877
1878
1879
1880
1881
-0.007391036260090283 0.0155614674589207 0.012
-0.005656854249492371 0.01815685424949235 0.012
-0.003061467458920717 0.01989103626009027 0.012
-0.007852976026345913 0.01575280917510323 0.012
-0.006010407640085634 0.0185104076400856 0.012
-0.003252809175103255 0.02035297602634589 0.012
-0.008314915792601543 0.01594415089128575 0.012
-0.006363961030678896 0.01886396103067884 0.012
-0.003444150891285794 0.02081491579260151 0.012
-0.007160066376962466 0.01546579660082944 0.012
-0.007695518130045141 0.01403073372946035 0.012
-0.007525703866534684 0.01399695557229066 0.012
-0.005480077554195739 0.01798007755419573 0.012
-0.006523945254791327 0.01685916085420652 0.012
-0.006379983673530209 0.01676296880092677 0.012
-0.002965796600829445 0.01966006637696246 0.012
-0.004359160854206544 0.01902394525479131 0.012
-0.00426296880092678 0.0188799836735302 0.012
-0.001530733729460358 0.02019551813004513 0.012
-0.00149695557229066 0.02002570386653468 0.012
-0.007622006143218098 0.01565713831701196 0.012
-0.008176488013172955 0.01412640458755161 0.012
-0.007936003071609049 0.01407856915850598 0.012
-0.005833630944789002 0.01833363094478897 0.012
-0.006931691833215773 0.01713160840759441 0.012
-0.006727818544003551 0.01699538463090047 0.012
-0.003157138317011986 0.02012200614321808 0.012
-0.004631608407594445 0.01943169183321574 0.012
-0.004495384630900494 0.01922781854400353 0.012
-0.001626404587551628 0.02067648801317295 0.012
-0.001578569158505992 0.02043600307160904 0.012
-0.008083945909473728 0.01584848003319449 0.012
-0.00865745789630077 0.01422207544564288 0.012
-0.008416972954736864 0.01417424001659725 0.012
-0.006187184335382265 0.01868718433538222 0.012
-0.00733943841164022 0.0174040559609823 0.012
-0.007135565122427997 0.01726783218428835 0.012
-0.003348480033194525 0.0205839459094737 0.012
-0.004904055960982345 0.01983943841164017 0.012
-0.004767832184288395 0.01963556512242796 0.012
-0.001722075445642898 0.02115745789630075 0.012
-0.001674240016597263 0.02091697295473685 0.012
-0.008545885675729399 0.01603982174937701 0.012
-0.008987459030065734 0.01428771675239803 0.012
-0.00654073772597561 0.01904073772597546 0.012
-0.007619199864257235 0.01759098658733421 0.012
-0.003539821749377186 0.02104588567572932 0.012
-0.005090986587334369 0.02011919986425712 0.012
-0.001787716752398116 0.02148745903006569 0.012
2 64 0 9
1882
1883
1884
1885
1886
1887
1888
1889
1890
-0.0125 0.01875 0.006
-0.0125 0.01875 0.003
-0.0125 0.021875 0.006
-0.0125 0.021875 0.003
-0.0125 0.01875 0.009000000000000001
-0.0125 0.021875 0.009000000000000001
-0.0125 0.015625 0.006
-0.0125 0.015625 0.003
-0.0125 0.015625 0.009000000000000001
2 65 0 21
1891
1892
1893
1894
1895
1896
1897
1898
1899
1900
1901
1902
1903
1904
1905
1906
1907
1908
1909
1910
1911
0 0.02275 0.006
0 0.0235 0.006
0 0.02425 0.006
0 0.02275 0.003
0 0.022375 0.006
0 0.022375 0.003
0 0.02275 0.009000000000000001
0 0.022375 0.009000000000000001
0 0.0235 0.003
0 0.023125 0.006
0 0.023125 0.003
0 0.0235 0.009000000000000001
0 0.023125 0.009000000000000001
0 0.02425 0.003
0 0.023875 0.006
0 0.023875 0.003
0 0.02425 0.009000000000000001
0 0.023875 0.009000000000000001
0 0.024625 0.006
0 0.024625 0.003
0 0.024625 0.009000000000000001
2 66 0 49
1912
1913
1914
1915
1916
1917
1918
1919
1920
1921
1922
1923
1924
1925
1926
1927
1928
1929
1930
1931
1932
1933
1934
1935
1936
1937
1938
1939
1940
1941
1942
1943
1944
1945
1946
1947
1948
1949
1950
1951
1952
1953
1954
1955
1956
1957
1958
1959
1960
-0.009707641669142879 0.01678911945560121 0.012
-0.01063842777942859 0.01744274630373414 0.012
-0.01156921388971429 0.01809637315186707 0.012
-0.008163135815954119 0.02066313581595406 0.012
-0.009608757210636081 0.02210875721063604 0.012
-0.01105437860531804 0.02355437860531802 0.012
-0.004289119455601252 0.02220764166914285 0.012
-0.004942746303734169 0.02313842777942857 0.012
-0.005596373151867087 0.02406921388971428 0.012
-0.009242248614000068 0.01646230603153474 0.012
-0.009978820834571439 0.0146445597278006 0.012
-0.009648140499201069 0.01449895889347689 0.012
-0.01017303472428573 0.01711593287966767 0.012
-0.01081921388971429 0.01497137315186707 0.012
-0.01039901736214287 0.01480796643983384 0.012
-0.01110382083457144 0.0177695597278006 0.012
-0.01165960694485715 0.01529818657593353 0.012
-0.01123941041728572 0.0151347798639003 0.012
-0.01203460694485715 0.01842318657593353 0.012
-0.01207980347242857 0.01546159328796677 0.012
-0.007440325118613221 0.01994032511861307 0.012
-0.008935388742548499 0.01872612763577763 0.012
-0.008417175029711375 0.01825202242473187 0.012
-0.0088859465132951 0.02138594651329505 0.012
-0.01012359249503233 0.01977575175718509 0.012
-0.009529490618790416 0.01925093969648136 0.012
-0.01033156790797706 0.02283156790797703 0.012
-0.01131179624751617 0.02082537587859255 0.012
-0.01071769437127425 0.02030056381788882 0.012
-0.01177718930265902 0.02427718930265901 0.012
-0.01190589812375809 0.02135018793929627 0.012
-0.003962306031534915 0.02174224861399999 0.012
-0.006226127635777685 0.02143538874254845 0.012
-0.005752022424732039 0.02091717502971126 0.012
-0.004615932879667711 0.02267303472428571 0.012
-0.007275751757185125 0.0226235924950323 0.012
-0.006750939696481405 0.02202949061879038 0.012
-0.005269559727800629 0.02360382083457142 0.012
-0.008325375878592564 0.02381179624751615 0.012
-0.007800563817888844 0.02321769437127423 0.012
-0.005923186575933546 0.02453460694485714 0.012
-0.008850187939296284 0.02440589812375808 0.012
-0.002144559727800626 0.02247882083457142 0.012
-0.00199895889347698 0.02214814049920103 0.012
-0.002471373151867085 0.02331921388971428 0.012
-0.002307966439833856 0.02289901736214285 0.012
-0.002798186575933544 0.02415960694485714 0.012
-0.002634779863900314 0.02373941041728571 0.012
-0.002961593287966773 0.02457980347242857 0.012
2 67 0 21
1961
1962
1963
1964
1965
1966
1967
1968
1969
1970
1971
1972
1973
1974
1975
1976
1977
1978
1979
1980
1981
0.005543277195067702 0.01479610059419059 0.006
0.004242640687119212 0.01674264068711936 0.006
0.002296100594190402 0.01804327719506778 0.006
0.005884711682419378 0.0136705419320968 0.006
0.005543277195067702 0.01479610059419059 0.003
0.005884711682419379 0.0136705419320968 0.003
0.005543277195067702 0.01479610059419059 0.009000000000000001
0.005884711682419379 0.0136705419320968 0.009000000000000001
0.00498881767381523 0.01583342139811768 0.006
0.004242640687119213 0.01674264068711936 0.003
0.004988817673815231 0.01583342139811768 0.003
0.004242640687119213 0.01674264068711936 0.009000000000000001
0.004988817673815231 0.01583342139811768 0.009000000000000001
0.003333421398117509 0.01748881767381534 0.006
0.002296100594190402 0.01804327719506778 0.003
0.003333421398117509 0.01748881767381534 0.003
0.002296100594190402 0.01804327719506778 0.009000000000000001
0.003333421398117509 0.01748881767381534 0.009000000000000001
0.001170541932096604 0.01838471168241942 0.006
0.001170541932096604 0.01838471168241942 0.003
0.001170541932096604 0.01838471168241942 0.009000000000000001
2 68 0 21
1982
1983
1984
1985
1986
1987
1988
1989
1990
1991
1992
1993
1994
1995
1996
1997
1998
1999
2000
2001
2002
0.00692909649383465 0.01537012574273817 0.006
0.005303300858899105 0.01780330085889911 0.006
0.002870125742738178 0.01942909649383465 0.006
0.00692909649383465 0.01537012574273817 0.003
0.007355889603024228 0.01396317741512096 0.006
0.007355889603024229 0.01396317741512097 0.003
0.00692909649383465 0.01537012574273817 0.009000000000000001
0.007355889603024229 0.01396317741512097 0.009000000000000001
0.005303300858899104 0.01780330085889911 0.003
0.006236022092269086 0.01666677674764702 0.006
0.006236022092269087 0.01666677674764702 0.003
0.005303300858899104 0.01780330085889911 0.009000000000000001
0.006236022092269087 0.01666677674764702 0.009000000000000001
0.002870125742738178 0.01942909649383465 0.003
0.004166776747647017 0.01873602209226909 0.006
0.004166776747647017 0.01873602209226909 0.003
0.002870125742738178 0.01942909649383465 0.009000000000000001
0.004166776747647017 0.01873602209226909 0.009000000000000001
0.001463177415120967 0.01985588960302423 0.006
0.001463177415120967 0.01985588960302423 0.003
0.001463177415120967 0.01985588960302423 0.009000000000000001
2 69 0 21
2003
2004
2005
2006
2007
2008
2009
2010
2011
2012
2013
2014
2015
2016
2017
2018
2019
2020
2021
2022
2023
0.006375 0.0125 0.006
0.00675 0.0125 0.006
0.007124999999999999 0.0125 0.006
0.006375 0.0125 0.003
0.0061875 0.0125 0.006
0.0061875 0.0125 0.003
0.006375 0.0125 0.009000000000000001
0.0061875 0.0125 0.009000000000000001
0.00675 0.0125 0.003
0.0065625 0.0125 0.006
0.0065625 0.0125 0.003
0.00675 0.0125 0.009000000000000001
0.0065625 0.0125 0.009000000000000001
0.007124999999999999 0.0125 0.003
0.006937499999999999 0.0125 0.006
0.0069375 0.0125 0.003
0.007124999999999999 0.0125 0.009000000000000001
0.0069375 0.0125 0.009000000000000001
0.0073125 0.0125 0.006
0.0073125 0.0125 0.003
0.0073125 0.0125 0.009000000000000001
2 70 0 49
2024
2025
2026
2027
2028
2029
2030
2031
2032
2033
2034
2035
2036
2037
2038
2039
2040
2041
2042
2043
2044
2045
2046
2047
2048
2049
2050
2051
2052
2053
2054
2055
2056
2057
2058
2059
2060
2061
2062
2063
2064
2065
2066
2067
2068
2069
2070
2071
2072
0.005889732019759439 0.01493960688132748 0.012
0.006236186844451176 0.01508311316846438 0.012
0.006582641669142913 0.01522661945560128 0.012
0.004507805730064185 0.01700780573006429 0.012
0.004772970773009158 0.01727297077300924 0.012
0.005038135815954132 0.01753813581595417 0.012
0.002439606881327347 0.0183897320197595 0.012
0.002583113168464292 0.01873618684445122 0.012
0.002726619455601236 0.01908264166914293 0.012
0.006132366009879719 0.01371980344066374 0.012
0.00571650460741357 0.01486785373775903 0.012
0.006008538846149549 0.01369517268638027 0.012
0.006493093422225588 0.01379155658423219 0.012
0.006062959432105308 0.01501136002489593 0.012
0.006312729716052653 0.01375568001244797 0.012
0.006853820834571456 0.01386330972780064 0.012
0.006409414256797044 0.01515486631203283 0.012
0.006673457128398523 0.01382743315601642 0.012
0.006755869081488782 0.01529837259916973 0.012
0.007104855218797842 0.0139132435714608 0.012
0.005198768874911812 0.01597370630569589 0.012
0.004375223208591699 0.01687522320859183 0.012
0.005093793274363521 0.01590356385190678 0.012
0.005504578808730167 0.01617804197073681 0.012
0.004640388251536671 0.01714038825153676 0.012
0.005351673841820989 0.01607587413821635 0.012
0.005810388742548522 0.01638237763577773 0.012
0.004905553294481645 0.0174055532944817 0.012
0.005657483775639345 0.01628020980325727 0.012
0.005170718337426618 0.01767071833742664 0.012
0.006023205417408806 0.01652457719171237 0.012
0.003473706305695766 0.0176987688749119 0.012
0.002367853737758874 0.01821650460741363 0.012
0.003403563851906637 0.01759379327436362 0.012
0.003678041970736725 0.01800457880873023 0.012
0.002511360024895819 0.01856295943210536 0.012
0.003575874138216245 0.01785167384182106 0.012
0.003882377635777684 0.01831038874254855 0.012
0.002654866312032764 0.01890941425679708 0.012
0.003780209803257204 0.01815748377563939 0.012
0.002798372599169707 0.01925586908148879 0.012
0.004024577191712351 0.01852320541740882 0.012
0.001219803440663673 0.01863236600987975 0.012
0.001195172686380138 0.01850853884614958 0.012
0.001291556584232146 0.01899309342222561 0.012
0.001255680012447909 0.01881272971605268 0.012
0.001363309727800618 0.01935382083457147 0.012
0.001327433156016383 0.01917345712839854 0.012
0.001413243571460793 0.01960485521879785 0.012
2 71 0 21
2073
2074
2075
2076
2077
2078
2079
2080
2081
2082
2083
2084
2085
2086
2087
2088
2089
2090
2091
2092
2093
0.008776855558857191 0.01613549260746843 0.006
0.006717514421272075 0.01921751442127233 0.006
0.003635492607468115 0.02127685555885732 0.006
0.008776855558857191 0.01613549260746843 0.003
0.00931746016383068 0.01435335805915326 0.006
0.00931746016383068 0.01435335805915326 0.003
0.008776855558857191 0.01613549260746843 0.009000000000000001
0.00931746016383068 0.01435335805915326 0.009000000000000001
0.006717514421272075 0.01921751442127233 0.003
0.007898961316874106 0.01777791721368633 0.006
0.007898961316874106 0.01777791721368633 0.003
0.006717514421272075 0.01921751442127233 0.009000000000000001
0.007898961316874106 0.01777791721368633 0.009000000000000001
0.003635492607468115 0.02127685555885732 0.003
0.005277917213686041 0.0203989613168743 0.006
0.00527791721368604 0.0203989613168743 0.003
0.003635492607468115 0.02127685555885732 0.009000000000000001
0.00527791721368604 0.0203989613168743 0.009000000000000001
0.001853358059152933 0.02181746016383074 0.006
0.001853358059152932 0.02181746016383074 0.003
0.001853358059152932 0.02181746016383074 0.009000000000000001
2 72 0 21
2094
2095
2096
2097
2098
2099
2100
2101
2102
2103
2104
2105
2106
2107
2108
2109
2110
2111
2112
2113
2114
0.008 0.0125 0.006
0.008499999999999999 0.0125 0.006
0.008999999999999999 0.0125 0.006
0.008 0.0125 0.003
0.00775 0.0125 0.006
0.00775 0.0125 0.003
0.008 0.0125 0.009000000000000001
0.00775 0.0125 0.009000000000000001
0.008499999999999999 0.0125 0.003
0.00825 0.0125 0.006
0.00825 0.0125 0.003
0.008499999999999999 0.0125 0.009000000000000001
0.00825 0.0125 0.009000000000000001
0.008999999999999999 0.0125 0.003
0.008749999999999999 0.0125 0.006
0.008749999999999999 0.0125 0.003
0.008999999999999999 0.0125 0.009000000000000001
0.008749999999999999 0.0125 0.009000000000000001
0.00925 0.0125 0.006
0.00925 0.0125 0.003
0.00925 0.0125 0.009000000000000001
2 73 0 49
2115
2116
2117
2118
2119
2120
2121
2122
2123
2124
2125
2126
2127
2128
2129
2130
2131
2132
2133
2134
2135
2136
2137
2138
2139
2140
2141
2142
2143
2144
2145
2146
2147
2148
2149
2150
2151
2152
2153
2154
2155
2156
2157
2158
2159
2160
2161
2162
2163
0.007391036260090286 0.01556146745892074 0.012
0.00785297602634592 0.0157528091751033 0.012
0.008314915792601556 0.01594415089128587 0.012
0.005656854249492348 0.01815685424949241 0.012
0.006010407640085589 0.01851040764008572 0.012
0.006363961030678832 0.01886396103067902 0.012
0.003061467458920662 0.01989103626009032 0.012
0.003252809175103146 0.02035297602634599 0.012
0.003444150891285631 0.02081491579260165 0.012
0.007695518130045143 0.01403073372946037 0.012
0.007160066376962468 0.01546579660082946 0.012
0.007525703866534686 0.01399695557229067 0.012
0.008176488013172958 0.01412640458755165 0.012
0.007622006143218103 0.01565713831701202 0.012
0.007936003071609053 0.01407856915850601 0.012
0.008657457896300777 0.01422207544564293 0.012
0.008083945909473738 0.01584848003319458 0.012
0.008416972954736868 0.01417424001659729 0.012
0.008545885675729375 0.01603982174937715 0.012
0.008987459030065729 0.0142877167523981 0.012
0.006523945254791317 0.01685916085420658 0.012
0.005480077554195727 0.01798007755419576 0.012
0.006379983673530203 0.0167629688009268 0.012
0.006931691833215754 0.01713160840759451 0.012
0.005833630944788969 0.01833363094478906 0.012
0.006727818544003536 0.01699538463090054 0.012
0.007339438411640194 0.01740405596098245 0.012
0.006187184335382211 0.01868718433538237 0.012
0.007135565122427974 0.01726783218428848 0.012
0.006540737725975454 0.01904073772597568 0.012
0.00761919986425715 0.01759098658733439 0.012
0.004359160854206505 0.01902394525479137 0.012
0.00296579660082942 0.01966006637696248 0.012
0.004262968800926761 0.01887998367353023 0.012
0.004631608407594368 0.01943169183321585 0.012
0.003157138317011904 0.02012200614321815 0.012
0.004495384630900436 0.01922781854400361 0.012
0.004904055960982232 0.01983943841164034 0.012
0.003348480033194389 0.02058394590947382 0.012
0.0047678321842883 0.0196355651224281 0.012
0.003539821749376873 0.02104588567572949 0.012
0.005090986587334136 0.02011919986425732 0.012
0.001530733729460331 0.02019551813004516 0.012
0.001496955572290648 0.02002570386653469 0.012
0.001626404587551573 0.02067648801317299 0.012
0.001578569158505952 0.02043600307160907 0.012
0.001722075445642816 0.02115745789630083 0.012
0.001674240016597195 0.02091697295473691 0.012
0.001787716752397874 0.02148745903006579 0.012
2 74 0 9
2164
2165
2166
2167
2168
2169
2170
2171
2172
0.0125 0.01875000000000001 0.006
0.0125 0.01875000000000001 0.003
0.0125 0.015625 0.006
0.0125 0.015625 0.003
0.0125 0.01875000000000001 0.009000000000000001
0.0125 0.015625 0.009000000000000001
0.0125 0.02187500000000001 0.006
0.0125 0.02187500000000001 0.003
0.0125 0.02187500000000001 0.009000000000000001
2 75 0 21
2173
2174
2175
2176
2177
2178
2179
2180
2181
2182
2183
2184
2185
2186
2187
2188
2189
2190
2191
2192
2193
0.01025 0.0125 0.006
0.011 0.0125 0.006
0.01175 0.0125 0.006
0.01025 0.0125 0.003
0.009874999999999998 0.0125 0.006
0.009875 0.0125 0.003
0.01025 0.0125 0.009000000000000001
0.009875 0.0125 0.009000000000000001
0.011 0.0125 0.003
0.010625 0.0125 0.006
0.010625 0.0125 0.003
0.011 0.0125 0.009000000000000001
0.010625 0.0125 0.009000000000000001
0.01175 0.0125 0.003
0.011375 0.0125 0.006
0.011375 0.0125 0.003
0.01175 0.0125 0.009000000000000001
0.011375 0.0125 0.009000000000000001
0.012125 0.0125 0.006
0.012125 0.0125 0.003
0.012125 0.0125 0.009000000000000001
2 76 0 49
2194
2195
2196
2197
2198
2199
2200
2201
2202
2203
2204
2205
2206
2207
2208
2209
2210
2211
2212
2213
2214
2215
2216
2217
2218
2219
2220
2221
2222
2223
2224
2225
2226
2227
2228
2229
2230
2231
2232
2233
2234
2235
2236
2237
2238
2239
2240
2241
2242
0.004289119455601085 0.02220764166914299 0.012
0.008163135815954056 0.02066313581595424 0.012
0.009707641669142893 0.01678911945560133 0.012
0.004942746303734055 0.02313842777942866 0.012
0.009608757210636037 0.02210875721063616 0.012
0.0106384277794286 0.01744274630373422 0.012
0.005596373151867026 0.02406921388971433 0.012
0.01105437860531802 0.02355437860531808 0.012
0.0115692138897143 0.01809637315186711 0.012
0.0039623060315346 0.02174224861400016 0.012
0.002144559727800543 0.0224788208345715 0.012
0.001998958893476737 0.02214814049920112 0.012
0.007440325118613066 0.01994032511861329 0.012
0.006226127635777571 0.02143538874254862 0.012
0.005752022424731805 0.02091717502971146 0.012
0.009242248614000043 0.01646230603153488 0.012
0.008935388742548475 0.01872612763577779 0.012
0.008417175029711291 0.01825202242473206 0.012
0.009978820834571446 0.01464455972780066 0.012
0.009648140499201064 0.01449895889347696 0.012
0.004615932879667569 0.02267303472428583 0.012
0.002471373151867027 0.02331921388971433 0.012
0.002307966439833785 0.02289901736214291 0.012
0.008885946513295048 0.0213859465132952 0.012
0.007275751757185046 0.02262359249503242 0.012
0.006750939696481308 0.02202949061879052 0.012
0.01017303472428574 0.01711593287966777 0.012
0.01012359249503232 0.01977575175718519 0.012
0.009529490618790395 0.01925093969648149 0.012
0.0108192138897143 0.01497137315186711 0.012
0.01039901736214287 0.01480796643983389 0.012
0.00526955972780054 0.0236038208345715 0.012
0.002798186575933513 0.02415960694485716 0.012
0.00263477986390027 0.02373941041728575 0.012
0.01033156790797703 0.02283156790797712 0.012
0.008325375878592525 0.02381179624751621 0.012
0.007800563817888784 0.02321769437127431 0.012
0.01110382083457145 0.01776955972780066 0.012
0.01131179624751616 0.0208253758785926 0.012
0.01071769437127424 0.0203005638178889 0.012
0.01165960694485715 0.01529818657593356 0.012
0.01123941041728572 0.01513477986390033 0.012
0.005923186575933511 0.02453460694485717 0.012
0.002961593287966755 0.02457980347242858 0.012
0.01177718930265901 0.02427718930265904 0.012
0.008850187939296261 0.0244058981237581 0.012
0.01203460694485715 0.01842318657593356 0.012
0.01190589812375808 0.0213501879392963 0.012
0.01207980347242858 0.01546159328796678 0.012
2 77 0 21
2243
2244
2245
2246
2247
2248
2249
2250
2251
2252
2253
2254
2255
2256
2257
2258
2259
2260
2261
2262
2263
0.003635492607468129 0.003723144441142684 0.006
0.006717514421272087 0.005782485578727685 0.006
0.008776855558857191 0.008864507392531572 0.006
0.001853358059152938 0.003182539836169255 0.006
0.003635492607468129 0.003723144441142684 0.003
0.001853358059152938 0.003182539836169255 0.003
0.003635492607468129 0.003723144441142684 0.009000000000000001
0.001853358059152938 0.003182539836169255 0.009000000000000001
0.00527791721368605 0.004601038683125707 0.006
0.006717514421272087 0.005782485578727685 0.003
0.005277917213686052 0.004601038683125711 0.003
0.006717514421272087 0.005782485578727685 0.009000000000000001
0.005277917213686052 0.004601038683125711 0.009000000000000001
0.007898961316874108 0.007222082786313675 0.006
0.008776855558857191 0.008864507392531572 0.003
0.007898961316874113 0.007222082786313677 0.003
0.008776855558857191 0.008864507392531572 0.009000000000000001
0.007898961316874113 0.007222082786313677 0.009000000000000001
0.00931746016383068 0.01064664194084674 0.006
0.009317460163830681 0.01064664194084674 0.003
0.009317460163830681 0.01064664194084674 0.009000000000000001
2 78 0 9
2264
2265
2266
2267
2268
2269
2270
2271
2272
0.0125 0.006250000000000005 0.006
0.0125 0.006250000000000005 0.003
0.0125 0.003125000000000002 0.006
0.0125 0.003125000000000002 0.003
0.0125 0.006250000000000005 0.009000000000000001
0.0125 0.003125000000000002 0.009000000000000001
0.0125 0.009375000000000003 0.006
0.0125 0.009375000000000003 0.003
0.0125 0.009375000000000003 0.009000000000000001
2 79 0 9
2273
2274
2275
2276
2277
2278
2279
2280
2281
0.006250000000000005 0 0.006
0.006250000000000005 0 0.003
0.003125000000000002 0 0.006
0.003125000000000002 0 0.003
0.006250000000000005 0 0.009000000000000001
0.003125000000000002 0 0.009000000000000001
0.009375000000000003 0 0.006
0.009375000000000003 0 0.003
0.009375000000000003 0 0.009000000000000001
2 80 0 49
2282
2283
2284
2285
2286
2287
2288
2289
2290
2291
2292
2293
2294
2295
2296
2297
2298
2299
2300
2301
2302
2303
2304
2305
2306
2307
2308
2309
2310
2311
2312
2313
2314
2315
2316
2317
2318
2319
2320
2321
2322
2323
2324
2325
2326
2327
2328
2329
2330
0.009707641669142893 0.008210880544398681 0.012
0.008163135815954063 0.004336864184045765 0.012
0.004289119455601098 0.002792358330857013 0.012
0.0106384277794286 0.007557253696265789 0.012
0.009608757210636042 0.002891242789363843 0.012
0.004942746303734067 0.001861572220571343 0.012
0.0115692138897143 0.006903626848132897 0.012
0.01105437860531802 0.001445621394681922 0.012
0.005596373151867035 0.0009307861102856715 0.012
0.009242248614000043 0.008537693968465127 0.012
0.009978820834571446 0.01035544027219934 0.012
0.009648140499201064 0.01050104110652304 0.012
0.007440325118613075 0.005059674881386725 0.012
0.008935388742548478 0.006273872364222223 0.012
0.008417175029711297 0.006747977575267952 0.012
0.003962306031534613 0.003257751385999849 0.012
0.00622612763577758 0.003564611257451389 0.012
0.005752022424731818 0.004082824970288551 0.012
0.002144559727800549 0.002521179165428507 0.012
0.001998958893476826 0.002851859500798882 0.012
0.01017303472428575 0.007884067120332235 0.012
0.0108192138897143 0.01002862684813289 0.012
0.01039901736214287 0.01019203356016612 0.012
0.008885946513295053 0.003614053486704804 0.012
0.01012359249503232 0.005224248242814816 0.012
0.009529490618790399 0.00574906030351852 0.012
0.004615932879667582 0.002326965275714177 0.012
0.007275751757185055 0.002376407504967593 0.012
0.006750939696481318 0.002970509381209491 0.012
0.002471373151867034 0.001680786110285671 0.012
0.002307966439833792 0.002100982637857088 0.012
0.01110382083457145 0.007230440272199342 0.012
0.01165960694485715 0.009701813424066449 0.012
0.01123941041728572 0.009865220136099672 0.012
0.01033156790797703 0.002168432092022883 0.012
0.01131179624751616 0.004174624121407409 0.012
0.01071769437127424 0.004699436182111113 0.012
0.005269559727800551 0.001396179165428507 0.012
0.008325375878592528 0.001188203752483796 0.012
0.007800563817888791 0.001782305628725695 0.012
0.002798186575933518 0.0008403930551428357 0.012
0.002634779863900275 0.001260589582714253 0.012
0.01203460694485715 0.006576813424066451 0.012
0.01207980347242858 0.009538406712033227 0.012
0.01177718930265901 0.000722810697340961 0.012
0.01190589812375808 0.003649812060703706 0.012
0.00592318657593352 0.0004653930551428362 0.012
0.008850187939296265 0.0005941018762418981 0.012
0.00296159328796676 0.0004201965275714183 0.012
2 81 0 21
2331
2332
2333
2334
2335
2336
2337
2338
2339
2340
2341
2342
2343
2344
2345
2346
2347
2348
2349
2350
2351
0.002870125742738175 0.005570903506165351 0.006
0.005303300858899095 0.007196699141100884 0.006
0.006929096493834646 0.009629874257261816 0.006
0.001463177415120969 0.005144110396975774 0.006
0.002870125742738175 0.005570903506165351 0.003
0.001463177415120969 0.005144110396975774 0.003
0.002870125742738175 0.005570903506165351 0.009000000000000001
0.001463177415120969 0.005144110396975774 0.009000000000000001
0.004166776747647009 0.006263977907730906 0.006
0.005303300858899095 0.007196699141100884 0.003
0.004166776747647011 0.006263977907730907 0.003
0.005303300858899095 0.007196699141100884 0.009000000000000001
0.004166776747647011 0.006263977907730907 0.009000000000000001
0.006236022092269081 0.008333223252352973 0.006
0.006929096493834646 0.009629874257261816 0.003
0.00623602209226908 0.008333223252352973 0.003
0.006929096493834646 0.009629874257261816 0.009000000000000001
0.00623602209226908 0.008333223252352973 0.009000000000000001
0.007355889603024226 0.01103682258487903 0.006
0.007355889603024227 0.01103682258487903 0.003
0.007355889603024227 0.01103682258487903 0.009000000000000001
2 82 0 49
2352
2353
2354
2355
2356
2357
2358
2359
2360
2361
2362
2363
2364
2365
2366
2367
2368
2369
2370
2371
2372
2373
2374
2375
2376
2377
2378
2379
2380
2381
2382
2383
2384
2385
2386
2387
2388
2389
2390
2391
2392
2393
2394
2395
2396
2397
2398
2399
2400
0.00344415089128564 0.004185084207398351 0.012
0.006363961030678838 0.006136038969320985 0.012
0.008314915792601555 0.009055849108714133 0.012
0.003252809175103151 0.004647023973654019 0.012
0.006010407640085591 0.006489592359914285 0.012
0.007852976026345918 0.009247190824896695 0.012
0.003061467458920664 0.005108963739909685 0.012
0.005656854249492344 0.006843145750507585 0.012
0.007391036260090283 0.009438532541079256 0.012
0.003539821749376885 0.003954114324270517 0.012
0.00172207544564282 0.003842542103699176 0.012
0.001787716752397962 0.003512540969934216 0.012
0.006540737725975462 0.005959262274024335 0.012
0.004904055960982239 0.005160561588359668 0.012
0.005090986587334147 0.00488080013574269 0.012
0.008545885675729373 0.008960178250622852 0.012
0.007339438411640196 0.007595944039017559 0.012
0.007619199864257156 0.00740901341266562 0.012
0.008657457896300777 0.01077792455435707 0.012
0.008987459030065729 0.01071228324760191 0.012
0.003348480033194396 0.004416054090526185 0.012
0.001626404587551576 0.004323511986827009 0.012
0.001674240016597197 0.004083027045263093 0.012
0.006187184335382215 0.006312815664617635 0.012
0.004631608407594371 0.005568308166784152 0.012
0.004767832184288305 0.00536443487757191 0.012
0.008083945909473736 0.009151519966805414 0.012
0.006931691833215754 0.00786839159240549 0.012
0.007135565122427976 0.007732167815711524 0.012
0.008176488013172958 0.01087359541244835 0.012
0.008416972954736868 0.01082575998340271 0.012
0.003157138317011907 0.004877993856781852 0.012
0.001530733729460332 0.004804481869954844 0.012
0.001578569158505954 0.004563996928390926 0.012
0.005833630944788967 0.006666369055210935 0.012
0.004359160854206503 0.005976054745208635 0.012
0.004495384630900438 0.005772181455996393 0.012
0.0076220061432181 0.009342861682987976 0.012
0.006523945254791313 0.008140839145793419 0.012
0.006727818544003534 0.008004615369099456 0.012
0.007695518130045141 0.01096926627053963 0.012
0.007936003071609051 0.01092143084149399 0.012
0.002965796600829419 0.005339933623037518 0.012
0.001496955572290647 0.004974296133465309 0.012
0.00548007755419572 0.007019922445804235 0.012
0.004262968800926758 0.006120016326469772 0.012
0.007160066376962464 0.009534203399170535 0.012
0.006379983673530197 0.008237031199073198 0.012
0.007525703866534684 0.01100304442770933 0.012
2 83 0 21
2401
2402
2403
2404
2405
2406
2407
2408
2409
2410
2411
2412
2413
2414
2415
2416
2417
2418
2419
2420
2421
0.002296100594190412 0.006956722804932228 0.006
0.004242640687119221 0.008257359312880651 0.006
0.005543277195067703 0.01020389940580942 0.006
0.001170541932096608 0.006615288317580586 0.006
0.002296100594190412 0.006956722804932228 0.003
0.001170541932096608 0.006615288317580587 0.003
0.002296100594190412 0.006956722804932228 0.009000000000000001
0.001170541932096608 0.006615288317580587 0.009000000000000001
0.003333421398117519 0.007511182326184666 0.006
0.004242640687119221 0.008257359312880651 0.003
0.003333421398117519 0.007511182326184666 0.003
0.004242640687119221 0.008257359312880651 0.009000000000000001
0.003333421398117519 0.007511182326184666 0.009000000000000001
0.004988817673815233 0.00916657860188233 0.006
0.005543277195067703 0.01020389940580942 0.003
0.004988817673815234 0.00916657860188233 0.003
0.005543277195067703 0.01020389940580942 0.009000000000000001
0.004988817673815234 0.00916657860188233 0.009000000000000001
0.005884711682419378 0.01132945806790321 0.006
0.005884711682419378 0.01132945806790321 0.003
0.005884711682419378 0.01132945806790321 0.009000000000000001
2 84 0 49
2422
2423
2424
2425
2426
2427
2428
2429
2430
2431
2432
2433
2434
2435
2436
2437
2438
2439
2440
2441
2442
2443
2444
2445
2446
2447
2448
2449
2450
2451
2452
2453
2454
2455
2456
2457
2458
2459
2460
2461
2462
2463
2464
2465
2466
2467
2468
2469
2470
0.002726619455601233 0.00591735833085707 0.012
0.005038135815954126 0.007461864184045826 0.012
0.00658264166914291 0.009773380544398715 0.012
0.002583113168464294 0.006263813155548789 0.012
0.004772970773009158 0.007727029226990768 0.012
0.006236186844451174 0.009916886831535618 0.012
0.002439606881327354 0.006610267980240508 0.012
0.004507805730064188 0.007992194269935709 0.012
0.005889732019759438 0.01006039311867252 0.012
0.002798372599169704 0.005744130918511211 0.012
0.001363309727800617 0.005646179165428535 0.012
0.001413243571460789 0.005395144781202154 0.012
0.00517071833742661 0.007329281662573356 0.012
0.00388237763577768 0.006689611257451448 0.012
0.004024577191712347 0.006476794582591179 0.012
0.006755869081488778 0.009701627400830266 0.012
0.005810388742548518 0.008617622364222271 0.012
0.0060232054174088 0.008475422808287621 0.012
0.006853820834571455 0.01113669027219936 0.012
0.007104855218797841 0.0110867564285392 0.012
0.002654866312032764 0.00609058574320293 0.012
0.001291556584232147 0.006006906577774395 0.012
0.001327433156016382 0.005826542871601465 0.012
0.004905553294481642 0.007594446705518297 0.012
0.003678041970736726 0.006995421191269779 0.012
0.003780209803257203 0.006842516224360613 0.012
0.006409414256797042 0.009845133687967167 0.012
0.005504578808730166 0.008821958029263194 0.012
0.005657483775639342 0.008719790196742731 0.012
0.006493093422225587 0.01120844341576781 0.012
0.006673457128398521 0.01117256684398358 0.012
0.002511360024895824 0.006437040567894649 0.012
0.001219803440663678 0.006367633990120254 0.012
0.001255680012447913 0.006187270283947325 0.012
0.004640388251536673 0.007859611748463238 0.012
0.003473706305695771 0.007301231125088108 0.012
0.003575874138216248 0.007148326158178944 0.012
0.006062959432105306 0.009988639975104067 0.012
0.005198768874911813 0.009026293694304112 0.012
0.005351673841820989 0.008924125861783653 0.012
0.006132366009879719 0.01128019655933626 0.012
0.006312729716052652 0.01124431998755203 0.012
0.002367853737758884 0.006783495392586368 0.012
0.001195172686380189 0.006491461153850421 0.012
0.004375223208591704 0.008124776791408179 0.012
0.003403563851906645 0.007406206725636387 0.012
0.00571650460741357 0.01013214626224097 0.012
0.005093793274363523 0.009096436148093221 0.012
0.006008538846149549 0.01130482731361973 0.012
3 1 0 63
2471
2472
2473
2474
2475
2476
2477
2478
2479
2480
2481
2482
2483
2484
2485
2486
2487
2488
2489
2490
2491
2492
2493
2494
2495
2496
2497
2498
2499
2500
2501
2502
2503
2504
2505
2506
2507
2508
2509
2510
2511
2512
2513
2514
2515
2516
2517
2518
2519
2520
2521
2522
2523
2524
2525
2526
2527
2528
2529
2530
2531
2532
2533
-0.006250000000000006 0.027 0.006
-0.006250000000000005 0.029 0.006
-0.006250000000000006 0.031 0.006
-0.006250000000000006 0.027 0.003
-0.006250000000000006 0.026 0.006
-0.003125000000000003 0.027 0.006
-0.006250000000000006 0.026 0.003
-0.003125000000000003 0.027 0.003
-0.003125000000000003 0.026 0.006
-0.003125000000000003 0.02600000000000001 0.003
-0.006250000000000006 0.027 0.009000000000000001
-0.006250000000000006 0.026 0.009000000000000001
-0.003125000000000003 0.027 0.009000000000000001
-0.003125000000000003 0.02600000000000001 0.009000000000000003
-0.006250000000000005 0.029 0.003
-0.006250000000000006 0.028 0.006
-0.003125000000000002 0.029 0.006
-0.006250000000000006 0.028 0.003
-0.003125000000000002 0.029 0.003
-0.003125000000000003 0.028 0.006
-0.003125000000000003 0.02800000000000001 0.003
-0.006250000000000005 0.029 0.009000000000000001
-0.006250000000000006 0.028 0.009000000000000001
-0.003125000000000002 0.029 0.009000000000000001
-0.003125000000000002 0.02800000000000001 0.009000000000000003
-0.006250000000000006 0.031 0.003
-0.006250000000000006 0.03 0.006
-0.003125000000000003 0.031 0.006
-0.006250000000000006 0.03 0.003
-0.003125000000000003 0.031 0.003
-0.003125000000000003 0.03 0.006
-0.003125000000000003 0.03 0.003
-0.006250000000000006 0.031 0.009000000000000001
-0.006250000000000006 0.03 0.009000000000000001
-0.003125000000000003 0.031 0.009000000000000001
-0.003125000000000003 0.03 0.009000000000000003
-0.006250000000000006 0.032 0.006
-0.006250000000000006 0.032 0.003
-0.003125000000000003 0.032 0.006
-0.003125000000000003 0.032 0.003
-0.006250000000000006 0.032 0.009000000000000001
-0.003125000000000002 0.032 0.009000000000000003
-0.009375000000000003 0.027 0.006
-0.009375000000000003 0.027 0.003
-0.009375000000000003 0.026 0.006
-0.009375000000000003 0.026 0.003
-0.009375000000000003 0.027 0.009000000000000001
-0.009375000000000003 0.026 0.009000000000000003
-0.009375000000000003 0.029 0.006
-0.009375000000000001 0.029 0.003
-0.009375000000000003 0.028 0.006
-0.009375000000000001 0.028 0.003
-0.009375000000000001 0.029 0.009000000000000001
-0.009375000000000001 0.02800000000000001 0.009000000000000003
-0.009375000000000003 0.031 0.006
-0.009375000000000003 0.031 0.003
-0.009375000000000003 0.03 0.006
-0.009375000000000001 0.03000000000000001 0.003
-0.009375000000000003 0.031 0.009000000000000001
-0.009375000000000001 0.03 0.009000000000000003
-0.009375000000000003 0.032 0.006
-0.009375000000000001 0.032 0.003
-0.009375000000000001 0.032 0.009000000000000003
3 2 0 63
2534
2535
2536
2537
2538
2539
2540
2541
2542
2543
2544
2545
2546
2547
2548
2549
2550
2551
2552
2553
2554
2555
2556
2557
2558
2559
2560
2561
2562
2563
2564
2565
2566
2567
2568
2569
2570
2571
2572
2573
2574
2575
2576
2577
2578
2579
2580
2581
2582
2583
2584
2585
2586
2587
2588
2589
2590
2591
2592
2593
2594
2595
2596
0.006249999999999995 0.027 0.006
0.006249999999999995 0.029 0.006
0.006249999999999995 0.031 0.006
0.006249999999999995 0.027 0.003
0.006249999999999995 0.026 0.006
0.009374999999999998 0.027 0.006
0.006249999999999996 0.026 0.003
0.009374999999999998 0.027 0.003
0.009374999999999998 0.026 0.006
0.009375000000000001 0.02600000000000001 0.003
0.006249999999999995 0.027 0.009000000000000001
0.006249999999999995 0.026 0.009000000000000001
0.009374999999999998 0.027 0.009000000000000001
0.009375000000000001 0.02600000000000001 0.009000000000000003
0.006249999999999995 0.029 0.003
0.006249999999999995 0.028 0.006
0.009374999999999998 0.029 0.006
0.006249999999999995 0.028 0.003
0.009374999999999998 0.029 0.003
0.009374999999999998 0.028 0.006
0.009374999999999998 0.028 0.003
0.006249999999999995 0.029 0.009000000000000001
0.006249999999999995 0.028 0.009000000000000001
0.009374999999999998 0.029 0.009000000000000001
0.009374999999999998 0.028 0.009000000000000003
0.006249999999999995 0.031 0.003
0.006249999999999995 0.03 0.006
0.009374999999999998 0.031 0.006
0.006249999999999995 0.03 0.003
0.009374999999999998 0.031 0.003
0.009374999999999998 0.03 0.006
0.009374999999999998 0.03 0.003
0.006249999999999995 0.031 0.009000000000000001
0.006249999999999995 0.03 0.009000000000000001
0.009374999999999998 0.031 0.009000000000000001
0.009374999999999998 0.03 0.009000000000000003
0.006249999999999995 0.032 0.006
0.006249999999999996 0.032 0.003
0.009374999999999998 0.032 0.006
0.009375000000000001 0.032 0.003
0.006249999999999995 0.032 0.009000000000000001
0.009375000000000001 0.032 0.009000000000000003
0.003124999999999998 0.027 0.006
0.003124999999999998 0.027 0.003
0.003124999999999998 0.026 0.006
0.003124999999999997 0.02600000000000001 0.003
0.003124999999999998 0.027 0.009000000000000001
0.003124999999999998 0.02600000000000001 0.009000000000000003
0.003124999999999998 0.029 0.006
0.003124999999999998 0.029 0.003
0.003124999999999998 0.028 0.006
0.003124999999999998 0.028 0.003
0.003124999999999998 0.029 0.009000000000000001
0.003124999999999998 0.028 0.009000000000000003
0.003124999999999998 0.031 0.006
0.003124999999999998 0.031 0.003
0.003124999999999998 0.03 0.006
0.003124999999999998 0.03 0.003
0.003124999999999998 0.031 0.009000000000000001
0.003124999999999998 0.03 0.009000000000000003
0.003124999999999998 0.032 0.006
0.003124999999999997 0.032 0.003
0.003124999999999998 0.032 0.009000000000000003
3 3 0 147
2597
2598
2599
2600
2601
2602
2603
2604
2605
2606
2607
2608
2609
2610
2611
2612
2613
2614
2615
2616
2617
2618
2619
2620
2621
2622
2623
2624
2625
2626
2627
2628
2629
2630
2631
2632
2633
2634
2635
2636
2637
2638
2639
2640
2641
2642
2643
2644
2645
2646
2647
2648
2649
2650
2651
2652
2653
2654
2655
2656
2657
2658
2659
2660
2661
2662
2663
2664
2665
2666
2667
2668
2669
2670
2671
2672
2673
2674
2675
2676
2677
2678
2679
2680
2681
2682
2683
2684
2685
2686
2687
2688
2689
2690
2691
2692
2693
2694
2695
2696
2697
2698
2699
2700
2701
2702
2703
2704
2705
2706
2707
2708
2709
2710
2711
2712
2713
2714
2715
2716
2717
2718
2719
2720
2721
2722
2723
2724
2725
2726
2727
2728
2729
2730
2731
2732
2733
2734
2735
2736
2737
2738
2739
2740
2741
2742
2743
-0.009707641669142878 0.008210880544398788 0.006
-0.01063842777942858 0.007557253696265857 0.006
-0.01156921388971429 0.006903626848132927 0.006
-0.008163135815954103 0.004336864184045927 0.006
-0.009608757210636068 0.002891242789363952 0.006
-0.01105437860531804 0.001445621394681977 0.006
-0.004289119455601239 0.00279235833085715 0.006
-0.004942746303734159 0.001861572220571433 0.006
-0.005596373151867076 0.0009307861102857175 0.006
-0.009707641669142878 0.008210880544398788 0.003
-0.009242248614000066 0.008537693968465255 0.006
-0.009978820834571439 0.0103554402721994 0.006
-0.009242248614000066 0.008537693968465255 0.003
-0.009978820834571439 0.0103554402721994 0.003
-0.009648140499201057 0.01050104110652311 0.006
-0.009648140499201062 0.01050104110652311 0.003
-0.009707641669142878 0.008210880544398788 0.009000000000000001
-0.009242248614000066 0.008537693968465255 0.009000000000000001
-0.009978820834571439 0.0103554402721994 0.009000000000000001
-0.009648140499201062 0.01050104110652311 0.009000000000000003
-0.01063842777942858 0.007557253696265857 0.003
-0.01017303472428573 0.007884067120332322 0.006
-0.01081921388971429 0.01002862684813293 0.006
-0.01017303472428573 0.007884067120332322 0.003
-0.01081921388971429 0.01002862684813293 0.003
-0.01039901736214287 0.01019203356016616 0.006
-0.01039901736214286 0.01019203356016616 0.003
-0.01063842777942858 0.007557253696265857 0.009000000000000001
-0.01017303472428573 0.007884067120332322 0.009000000000000001
-0.01081921388971429 0.01002862684813293 0.009000000000000001
-0.01039901736214287 0.01019203356016616 0.009000000000000003
-0.01156921388971429 0.006903626848132927 0.003
-0.01110382083457144 0.007230440272199393 0.006
-0.01165960694485715 0.009701813424066464 0.006
-0.01110382083457144 0.007230440272199393 0.003
-0.01165960694485715 0.009701813424066466 0.003
-0.01123941041728572 0.009865220136099697 0.006
-0.01123941041728572 0.009865220136099697 0.003
-0.01156921388971429 0.006903626848132927 0.009000000000000001
-0.01110382083457144 0.007230440272199393 0.009000000000000001
-0.01165960694485715 0.009701813424066466 0.009000000000000001
-0.01123941041728572 0.009865220136099697 0.009000000000000003
-0.01203460694485715 0.006576813424066462 0.006
-0.01203460694485715 0.006576813424066462 0.003
-0.01207980347242857 0.00953840671203323 0.006
-0.01207980347242858 0.009538406712033234 0.003
-0.01203460694485715 0.006576813424066462 0.009000000000000001
-0.01207980347242858 0.00953840671203323 0.009000000000000003
-0.008163135815954103 0.004336864184045927 0.003
-0.007440325118613204 0.005059674881386915 0.006
-0.00893538874254849 0.006273872364222358 0.006
-0.007440325118613204 0.005059674881386915 0.003
-0.00893538874254849 0.006273872364222359 0.003
-0.008417175029711368 0.006747977575268116 0.006
-0.008417175029711368 0.006747977575268117 0.003
-0.008163135815954103 0.004336864184045927 0.009000000000000001
-0.007440325118613204 0.005059674881386915 0.009000000000000001
-0.00893538874254849 0.006273872364222359 0.009000000000000001
-0.008417175029711368 0.006747977575268117 0.009000000000000003
-0.009608757210636068 0.002891242789363952 0.003
-0.008885946513295086 0.003614053486704939 0.006
-0.01012359249503233 0.005224248242814904 0.006
-0.008885946513295086 0.003614053486704939 0.003
-0.01012359249503233 0.005224248242814904 0.003
-0.009529490618790409 0.005749060303518631 0.006
-0.009529490618790411 0.00574906030351863 0.003
-0.009608757210636068 0.002891242789363952 0.009000000000000001
-0.008885946513295086 0.003614053486704939 0.009000000000000001
-0.01012359249503233 0.005224248242814904 0.009000000000000001
-0.009529490618790411 0.00574906030351863 0.009000000000000003
-0.01105437860531804 0.001445621394681977 0.003
-0.01033156790797705 0.002168432092022964 0.006
-0.01131179624751616 0.004174624121407452 0.006
-0.01033156790797705 0.002168432092022964 0.003
-0.01131179624751616 0.004174624121407452 0.003
-0.01071769437127425 0.004699436182111178 0.006
-0.01071769437127425 0.004699436182111178 0.003
-0.01105437860531804 0.001445621394681977 0.009000000000000001
-0.01033156790797705 0.002168432092022964 0.009000000000000001
-0.01131179624751616 0.004174624121407452 0.009000000000000001
-0.01071769437127425 0.004699436182111178 0.009000000000000003
-0.01177718930265902 0.0007228106973409883 0.006
-0.01177718930265902 0.0007228106973409881 0.003
-0.01190589812375808 0.003649812060703725 0.006
-0.01190589812375809 0.003649812060703725 0.003
-0.01177718930265902 0.0007228106973409881 0.009000000000000001
-0.01190589812375809 0.003649812060703725 0.009000000000000003
-0.004289119455601239 0.00279235833085715 0.003
-0.003962306031534904 0.003257751386000008 0.006
-0.006226127635777672 0.003564611257451538 0.006
-0.003962306031534904 0.003257751386000009 0.003
-0.006226127635777671 0.003564611257451539 0.003
-0.005752022424732026 0.004082824970288734 0.006
-0.005752022424732023 0.004082824970288732 0.003
-0.004289119455601239 0.00279235833085715 0.009000000000000001
-0.003962306031534904 0.003257751386000009 0.009000000000000001
-0.006226127635777671 0.003564611257451538 0.009000000000000001
-0.005752022424732023 0.004082824970288732 0.009000000000000003
-0.004942746303734159 0.001861572220571433 0.003
-0.004615932879667699 0.002326965275714292 0.006
-0.007275751757185114 0.002376407504967692 0.006
-0.004615932879667699 0.002326965275714292 0.003
-0.007275751757185114 0.002376407504967692 0.003
-0.006750939696481393 0.002970509381209615 0.006
-0.006750939696481391 0.002970509381209616 0.003
-0.004942746303734159 0.001861572220571433 0.009000000000000001
-0.004615932879667699 0.002326965275714292 0.009000000000000001
-0.007275751757185114 0.002376407504967692 0.009000000000000001
-0.006750939696481391 0.002970509381209616 0.009000000000000003
-0.005596373151867076 0.0009307861102857175 0.003
-0.005269559727800618 0.001396179165428575 0.006
-0.008325375878592556 0.001188203752483847 0.006
-0.005269559727800618 0.001396179165428575 0.003
-0.008325375878592556 0.001188203752483847 0.003
-0.007800563817888835 0.00178230562872577 0.006
-0.007800563817888836 0.00178230562872577 0.003
-0.005596373151867076 0.0009307861102857175 0.009000000000000001
-0.005269559727800618 0.001396179165428575 0.009000000000000001
-0.008325375878592556 0.001188203752483847 0.009000000000000001
-0.007800563817888836 0.00178230562872577 0.009000000000000003
-0.005923186575933536 0.0004653930551428587 0.006
-0.005923186575933536 0.0004653930551428587 0.003
-0.008850187939296277 0.0005941018762419235 0.006
-0.008850187939296279 0.0005941018762419236 0.003
-0.005923186575933536 0.0004653930551428587 0.009000000000000001
-0.008850187939296279 0.0005941018762419234 0.009000000000000003
-0.00214455972780062 0.002521179165428575 0.006
-0.002144559727800619 0.002521179165428575 0.003
-0.001998958893476976 0.002851859500798971 0.006
-0.001998958893476975 0.00285185950079897 0.003
-0.002144559727800619 0.002521179165428575 0.009000000000000001
-0.001998958893476975 0.002851859500798972 0.009000000000000003
-0.002471373151867079 0.001680786110285717 0.006
-0.002471373151867079 0.001680786110285716 0.003
-0.00230796643983385 0.002100982637857146 0.006
-0.00230796643983385 0.002100982637857145 0.003
-0.002471373151867079 0.001680786110285716 0.009000000000000001
-0.002307966439833849 0.002100982637857146 0.009000000000000003
-0.002798186575933538 0.0008403930551428587 0.006
-0.002798186575933538 0.0008403930551428589 0.003
-0.002634779863900309 0.001260589582714288 0.006
-0.002634779863900309 0.001260589582714288 0.003
-0.002798186575933538 0.0008403930551428589 0.009000000000000001
-0.002634779863900309 0.001260589582714288 0.009000000000000003
-0.002961593287966768 0.0004201965275714294 0.006
-0.002961593287966767 0.0004201965275714294 0.003
-0.002961593287966767 0.0004201965275714294 0.009000000000000003
3 4 0 147
2744
2745
2746
2747
2748
2749
2750
2751
2752
2753
2754
2755
2756
2757
2758
2759
2760
2761
2762
2763
2764
2765
2766
2767
2768
2769
2770
2771
2772
2773
2774
2775
2776
2777
2778
2779
2780
2781
2782
2783
2784
2785
2786
2787
2788
2789
2790
2791
2792
2793
2794
2795
2796
2797
2798
2799
2800
2801
2802
2803
2804
2805
2806
2807
2808
2809
2810
2811
2812
2813
2814
2815
2816
2817
2818
2819
2820
2821
2822
2823
2824
2825
2826
2827
2828
2829
2830
2831
2832
2833
2834
2835
2836
2837
2838
2839
2840
2841
2842
2843
2844
2845
2846
2847
2848
2849
2850
2851
2852
2853
2854
2855
2856
2857
2858
2859
2860
2861
2862
2863
2864
2865
2866
2867
2868
2869
2870
2871
2872
2873
2874
2875
2876
2877
2878
2879
2880
2881
2882
2883
2884
2885
2886
2887
2888
2889
2890
-0.008314915792601543 0.009055849108714245 0.006
-0.007852976026345913 0.009247190824896773 0.006
-0.007391036260090284 0.009438532541079302 0.006
-0.006363961030678883 0.006136038969321151 0.006
-0.006010407640085628 0.006489592359914401 0.006
-0.005656854249492373 0.006843145750507651 0.006
-0.003444150891285786 0.004185084207398488 0.006
-0.00325280917510325 0.004647023973654108 0.006
-0.003061467458920717 0.005108963739909729 0.006
-0.008314915792601543 0.009055849108714245 0.003
-0.008545885675729399 0.008960178250622983 0.006
-0.00865745789630077 0.01077792455435712 0.006
-0.008545885675729397 0.008960178250622983 0.003
-0.00865745789630077 0.01077792455435712 0.003
-0.008987459030065722 0.01071228324760197 0.006
-0.008987459030065731 0.01071228324760197 0.003
-0.008314915792601543 0.009055849108714245 0.009000000000000001
-0.008545885675729399 0.008960178250622983 0.009000000000000001
-0.00865745789630077 0.01077792455435712 0.009000000000000001
-0.008987459030065731 0.01071228324760197 0.009000000000000003
-0.007852976026345913 0.009247190824896773 0.003
-0.008083945909473728 0.009151519966805509 0.006
-0.008176488013172955 0.01087359541244839 0.006
-0.008083945909473728 0.009151519966805509 0.003
-0.008176488013172955 0.01087359541244839 0.003
-0.008416972954736864 0.01082575998340276 0.006
-0.008416972954736861 0.01082575998340275 0.003
-0.007852976026345913 0.009247190824896773 0.009000000000000001
-0.008083945909473728 0.009151519966805509 0.009000000000000001
-0.008176488013172955 0.01087359541244839 0.009000000000000001
-0.008416972954736861 0.01082575998340275 0.009000000000000003
-0.007391036260090284 0.009438532541079302 0.003
-0.007622006143218098 0.009342861682988039 0.006
-0.007695518130045141 0.01096926627053965 0.006
-0.007622006143218098 0.009342861682988037 0.003
-0.007695518130045141 0.01096926627053965 0.003
-0.007936003071609049 0.01092143084149402 0.006
-0.007936003071609049 0.01092143084149402 0.003
-0.007391036260090284 0.009438532541079302 0.009000000000000001
-0.007622006143218098 0.009342861682988039 0.009000000000000001
-0.007695518130045141 0.01096926627053965 0.009000000000000001
-0.007936003071609049 0.01092143084149402 0.009000000000000003
-0.007160066376962468 0.009534203399170566 0.006
-0.007160066376962468 0.009534203399170564 0.003
-0.007525703866534672 0.01100304442770935 0.006
-0.007525703866534681 0.01100304442770935 0.003
-0.007160066376962468 0.009534203399170566 0.009000000000000001
-0.007525703866534681 0.01100304442770935 0.009000000000000003
-0.006363961030678883 0.006136038969321151 0.003
-0.006540737725975593 0.005959262274024527 0.006
-0.007339438411640213 0.007595944039017698 0.006
-0.006540737725975593 0.005959262274024527 0.003
-0.007339438411640212 0.007595944039017698 0.003
-0.007619199864257228 0.007409013412665787 0.006
-0.007619199864257228 0.007409013412665787 0.003
-0.006363961030678883 0.006136038969321151 0.009000000000000001
-0.006540737725975593 0.005959262274024527 0.009000000000000001
-0.007339438411640212 0.007595944039017698 0.009000000000000001
-0.007619199864257229 0.007409013412665786 0.009000000000000003
-0.006010407640085628 0.006489592359914401 0.003
-0.006187184335382255 0.006312815664617776 0.006
-0.006931691833215771 0.007868391592405587 0.006
-0.006187184335382256 0.006312815664617776 0.003
-0.006931691833215771 0.007868391592405587 0.003
-0.007135565122427991 0.007732167815711644 0.006
-0.007135565122427991 0.007732167815711644 0.003
-0.006010407640085628 0.006489592359914401 0.009000000000000001
-0.006187184335382255 0.006312815664617776 0.009000000000000001
-0.006931691833215771 0.007868391592405587 0.009000000000000001
-0.007135565122427991 0.007732167815711644 0.009000000000000003
-0.005656854249492373 0.006843145750507651 0.003
-0.005833630944789001 0.006666369055211026 0.006
-0.006523945254791328 0.008140839145793477 0.006
-0.005833630944789001 0.006666369055211027 0.003
-0.006523945254791328 0.008140839145793477 0.003
-0.006727818544003549 0.008004615369099532 0.006
-0.006727818544003549 0.008004615369099532 0.003
-0.005656854249492373 0.006843145750507651 0.009000000000000001
-0.005833630944789001 0.006666369055211027 0.009000000000000001
-0.006523945254791328 0.008140839145793477 0.009000000000000001
-0.00672781854400355 0.008004615369099534 0.009000000000000003
-0.005480077554195743 0.007019922445804275 0.006
-0.005480077554195743 0.007019922445804275 0.003
-0.006379983673530211 0.008237031199073234 0.006
-0.00637998367353021 0.008237031199073231 0.003
-0.005480077554195743 0.007019922445804275 0.009000000000000001
-0.00637998367353021 0.008237031199073231 0.009000000000000003
-0.003444150891285786 0.004185084207398488 0.003
-0.003539821749377178 0.003954114324270677 0.006
-0.004904055960982335 0.005160561588359819 0.006
-0.003539821749377178 0.003954114324270677 0.003
-0.004904055960982335 0.00516056158835982 0.003
-0.005090986587334359 0.004880800135742875 0.006
-0.005090986587334357 0.004880800135742875 0.003
-0.003444150891285786 0.004185084207398488 0.009000000000000001
-0.003539821749377178 0.003954114324270677 0.009000000000000001
-0.004904055960982335 0.00516056158835982 0.009000000000000001
-0.005090986587334358 0.004880800135742873 0.009000000000000003
-0.00325280917510325 0.004647023973654108 0.003
-0.003348480033194518 0.004416054090526297 0.006
-0.00463160840759444 0.005568308166784254 0.006
-0.003348480033194518 0.004416054090526297 0.003
-0.00463160840759444 0.005568308166784254 0.003
-0.004767832184288386 0.005364434877572036 0.006
-0.004767832184288386 0.005364434877572036 0.003
-0.00325280917510325 0.004647023973654108 0.009000000000000001
-0.003348480033194518 0.004416054090526297 0.009000000000000001
-0.00463160840759444 0.005568308166784254 0.009000000000000001
-0.004767832184288386 0.005364434877572037 0.009000000000000003
-0.003061467458920717 0.005108963739909729 0.003
-0.003157138317011983 0.004877993856781919 0.006
-0.004359160854206545 0.00597605474520869 0.006
-0.003157138317011983 0.004877993856781919 0.003
-0.004359160854206545 0.00597605474520869 0.003
-0.004495384630900492 0.005772181455996473 0.006
-0.004495384630900493 0.005772181455996474 0.003
-0.003061467458920717 0.005108963739909729 0.009000000000000001
-0.003157138317011983 0.004877993856781919 0.009000000000000001
-0.004359160854206545 0.00597605474520869 0.009000000000000001
-0.004495384630900493 0.005772181455996474 0.009000000000000003
-0.002965796600829444 0.00533993362303754 0.006
-0.002965796600829444 0.00533993362303754 0.003
-0.004262968800926784 0.006120016326469802 0.006
-0.004262968800926782 0.006120016326469803 0.003
-0.002965796600829444 0.00533993362303754 0.009000000000000001
-0.004262968800926782 0.006120016326469803 0.009000000000000003
-0.001722075445642893 0.003842542103699245 0.006
-0.001722075445642893 0.003842542103699245 0.003
-0.001787716752398113 0.003512540969934305 0.006
-0.001787716752398111 0.003512540969934306 0.003
-0.001722075445642893 0.003842542103699245 0.009000000000000001
-0.001787716752398111 0.003512540969934306 0.009000000000000003
-0.001626404587551625 0.004323511986827054 0.006
-0.001626404587551625 0.004323511986827054 0.003
-0.001674240016597259 0.004083027045263149 0.006
-0.00167424001659726 0.004083027045263149 0.003
-0.001626404587551625 0.004323511986827054 0.009000000000000001
-0.00167424001659726 0.004083027045263149 0.009000000000000003
-0.001530733729460358 0.004804481869954865 0.006
-0.001530733729460358 0.004804481869954865 0.003
-0.001578569158505992 0.00456399692839096 0.006
-0.001578569158505991 0.004563996928390959 0.003
-0.001530733729460358 0.004804481869954865 0.009000000000000001
-0.001578569158505991 0.004563996928390959 0.009000000000000003
-0.001496955572290661 0.004974296133465318 0.006
-0.00149695557229066 0.004974296133465318 0.003
-0.00149695557229066 0.004974296133465318 0.009000000000000003
3 5 0 147
2891
2892
2893
2894
2895
2896
2897
2898
2899
2900
2901
2902
2903
2904
2905
2906
2907
2908
2909
2910
2911
2912
2913
2914
2915
2916
2917
2918
2919
2920
2921
2922
2923
2924
2925
2926
2927
2928
2929
2930
2931
2932
2933
2934
2935
2936
2937
2938
2939
2940
2941
2942
2943
2944
2945
2946
2947
2948
2949
2950
2951
2952
2953
2954
2955
2956
2957
2958
2959
2960
2961
2962
2963
2964
2965
2966
2967
2968
2969
2970
2971
2972
2973
2974
2975
2976
2977
2978
2979
2980
2981
2982
2983
2984
2985
2986
2987
2988
2989
2990
2991
2992
2993
2994
2995
2996
2997
2998
2999
3000
3001
3002
3003
3004
3005
3006
3007
3008
3009
3010
3011
3012
3013
3014
3015
3016
3017
3018
3019
3020
3021
3022
3023
3024
3025
3026
3027
3028
3029
3030
3031
3032
3033
3034
3035
3036
3037
-0.006582641669142913 0.009773380544398746 0.006
-0.006236186844451173 0.009916886831535665 0.006
-0.005889732019759431 0.01006039311867258 0.006
-0.005038135815954151 0.007461864184045867 0.006
-0.004772970773009183 0.007727029226990837 0.006
-0.004507805730064215 0.007992194269935804 0.006
-0.002726619455601265 0.005917358330857094 0.006
-0.00258311316846435 0.006263813155548839 0.006
-0.002439606881327437 0.006610267980240584 0.006
-0.006582641669142913 0.009773380544398746 0.003
-0.006755869081488782 0.009701627400830286 0.006
-0.006853820834571456 0.01113669027219937 0.006
-0.006755869081488782 0.009701627400830286 0.003
-0.006853820834571455 0.01113669027219937 0.003
-0.00710485521879783 0.01108675642853921 0.006
-0.007104855218797834 0.0110867564285392 0.003
-0.006582641669142913 0.009773380544398746 0.009000000000000001
-0.006755869081488782 0.009701627400830286 0.009000000000000001
-0.006853820834571455 0.01113669027219937 0.009000000000000001
-0.007104855218797838 0.01108675642853921 0.009000000000000003
-0.006236186844451173 0.009916886831535665 0.003
-0.006409414256797042 0.009845133687967206 0.006
-0.006493093422225586 0.01120844341576783 0.006
-0.006409414256797042 0.009845133687967206 0.003
-0.006493093422225586 0.01120844341576783 0.003
-0.006673457128398522 0.0111725668439836 0.006
-0.00667345712839852 0.0111725668439836 0.003
-0.006236186844451173 0.009916886831535665 0.009000000000000001
-0.006409414256797042 0.009845133687967206 0.009000000000000001
-0.006493093422225586 0.01120844341576783 0.009000000000000001
-0.00667345712839852 0.0111725668439836 0.009000000000000003
-0.005889732019759431 0.01006039311867258 0.003
-0.006062959432105302 0.009988639975104125 0.006
-0.006132366009879715 0.01128019655933629 0.006
-0.006062959432105302 0.009988639975104125 0.003
-0.006132366009879715 0.01128019655933629 0.003
-0.006312729716052651 0.01124431998755206 0.006
-0.006312729716052651 0.01124431998755206 0.003
-0.005889732019759431 0.01006039311867258 0.009000000000000001
-0.006062959432105302 0.009988639975104125 0.009000000000000001
-0.006132366009879715 0.01128019655933629 0.009000000000000001
-0.006312729716052651 0.01124431998755206 0.009000000000000003
-0.005716504607413584 0.01013214626224104 0.006
-0.005716504607413585 0.01013214626224104 0.003
-0.006008538846149539 0.01130482731361978 0.006
-0.006008538846149545 0.01130482731361977 0.003
-0.005716504607413585 0.01013214626224104 0.009000000000000001
-0.006008538846149548 0.01130482731361977 0.009000000000000003
-0.005038135815954151 0.007461864184045867 0.003
-0.005170718337426631 0.007329281662573383 0.006
-0.005810388742548532 0.008617622364222307 0.006
-0.005170718337426631 0.007329281662573383 0.003
-0.005810388742548532 0.008617622364222307 0.003
-0.006023205417408811 0.008475422808287648 0.006
-0.006023205417408813 0.008475422808287648 0.003
-0.005038135815954151 0.007461864184045867 0.009000000000000001
-0.005170718337426631 0.007329281662573383 0.009000000000000001
-0.005810388742548532 0.008617622364222307 0.009000000000000001
-0.006023205417408813 0.008475422808287647 0.009000000000000003
-0.004772970773009183 0.007727029226990837 0.003
-0.004905553294481666 0.007594446705518352 0.006
-0.005504578808730178 0.008821958029263251 0.006
-0.004905553294481666 0.007594446705518352 0.003
-0.005504578808730178 0.008821958029263251 0.003
-0.005657483775639354 0.00871979019674278 0.006
-0.005657483775639356 0.008719790196742778 0.003
-0.004772970773009183 0.007727029226990837 0.009000000000000001
-0.004905553294481666 0.007594446705518352 0.009000000000000001
-0.005504578808730178 0.008821958029263251 0.009000000000000001
-0.005657483775639356 0.008719790196742776 0.009000000000000003
-0.004507805730064215 0.007992194269935804 0.003
-0.004640388251536699 0.00785961174846332 0.006
-0.005198768874911823 0.009026293694304195 0.006
-0.004640388251536699 0.00785961174846332 0.003
-0.005198768874911823 0.009026293694304195 0.003
-0.005351673841821 0.008924125861783722 0.006
-0.005351673841821 0.008924125861783724 0.003
-0.004507805730064215 0.007992194269935804 0.009000000000000001
-0.004640388251536699 0.00785961174846332 0.009000000000000001
-0.005198768874911823 0.009026293694304195 0.009000000000000001
-0.005351673841821 0.008924125861783724 0.009000000000000003
-0.004375223208591779 0.008124776791408288 0.006
-0.004375223208591779 0.008124776791408288 0.003
-0.005093793274363565 0.009096436148093317 0.006
-0.005093793274363564 0.009096436148093317 0.003
-0.004375223208591779 0.008124776791408288 0.009000000000000001
-0.005093793274363564 0.009096436148093317 0.009000000000000003
-0.002726619455601265 0.005917358330857094 0.003
-0.002798372599169719 0.005744130918511222 0.006
-0.003882377635777708 0.006689611257451481 0.006
-0.002798372599169719 0.005744130918511222 0.003
-0.003882377635777708 0.00668961125745148 0.003
-0.004024577191712365 0.006476794582591197 0.006
-0.004024577191712363 0.006476794582591197 0.003
-0.002726619455601265 0.005917358330857094 0.009000000000000001
-0.002798372599169719 0.005744130918511222 0.009000000000000001
-0.003882377635777708 0.00668961125745148 0.009000000000000001
-0.004024577191712364 0.006476794582591197 0.009000000000000003
-0.00258311316846435 0.006263813155548839 0.003
-0.002654866312032808 0.006090585743202967 0.006
-0.003678041970736767 0.006995421191269838 0.006
-0.002654866312032808 0.006090585743202967 0.003
-0.003678041970736767 0.006995421191269838 0.003
-0.003780209803257237 0.00684251622436066 0.006
-0.003780209803257237 0.006842516224360661 0.003
-0.00258311316846435 0.006263813155548839 0.009000000000000001
-0.002654866312032808 0.006090585743202967 0.009000000000000001
-0.003678041970736767 0.006995421191269838 0.009000000000000001
-0.003780209803257238 0.006842516224360662 0.009000000000000003
-0.002439606881327437 0.006610267980240584 0.003
-0.002511360024895893 0.006437040567894712 0.006
-0.003473706305695826 0.007301231125088194 0.006
-0.002511360024895893 0.006437040567894712 0.003
-0.003473706305695826 0.007301231125088193 0.003
-0.003575874138216297 0.007148326158179015 0.006
-0.003575874138216298 0.007148326158179017 0.003
-0.002439606881327437 0.006610267980240584 0.009000000000000001
-0.002511360024895893 0.006437040567894712 0.009000000000000001
-0.003473706305695826 0.007301231125088193 0.009000000000000001
-0.003575874138216298 0.007148326158179017 0.009000000000000003
-0.002367853737759049 0.006783495392586457 0.006
-0.002367853737759049 0.006783495392586458 0.003
-0.003403563851906764 0.007406206725636491 0.006
-0.003403563851906764 0.00740620672563649 0.003
-0.002367853737759049 0.006783495392586457 0.009000000000000001
-0.003403563851906764 0.00740620672563649 0.009000000000000003
-0.001363309727800633 0.005646179165428547 0.006
-0.001363309727800633 0.005646179165428547 0.003
-0.001413243571460799 0.00539514478120216 0.006
-0.001413243571460797 0.00539514478120216 0.003
-0.001363309727800633 0.005646179165428547 0.009000000000000001
-0.001413243571460797 0.00539514478120216 0.009000000000000003
-0.001291556584232175 0.00600690657777442 0.006
-0.001291556584232175 0.00600690657777442 0.003
-0.001327433156016404 0.005826542871601482 0.006
-0.001327433156016404 0.005826542871601484 0.003
-0.001291556584232175 0.00600690657777442 0.009000000000000001
-0.001327433156016403 0.005826542871601484 0.009000000000000003
-0.001219803440663718 0.006367633990120292 0.006
-0.001219803440663718 0.006367633990120292 0.003
-0.001255680012447947 0.006187270283947355 0.006
-0.001255680012447947 0.006187270283947358 0.003
-0.001219803440663718 0.006367633990120292 0.009000000000000001
-0.001255680012447947 0.006187270283947357 0.009000000000000003
-0.001195172686380277 0.006491461153850471 0.006
-0.001195172686380276 0.006491461153850473 0.003
-0.001195172686380276 0.006491461153850472 0.009000000000000003
3 6 0 147
3038
3039
3040
3041
3042
3043
3044
3045
3046
3047
3048
3049
3050
3051
3052
3053
3054
3055
3056
3057
3058
3059
3060
3061
3062
3063
3064
3065
3066
3067
3068
3069
3070
3071
3072
3073
3074
3075
3076
3077
3078
3079
3080
3081
3082
3083
3084
3085
3086
3087
3088
3089
3090
3091
3092
3093
3094
3095
3096
3097
3098
3099
3100
3101
3102
3103
3104
3105
3106
3107
3108
3109
3110
3111
3112
3113
3114
3115
3116
3117
3118
3119
3120
3121
3122
3123
3124
3125
3126
3127
3128
3129
3130
3131
3132
3133
3134
3135
3136
3137
3138
3139
3140
3141
3142
3143
3144
3145
3146
3147
3148
3149
3150
3151
3152
3153
3154
3155
3156
3157
3158
3159
3160
3161
3162
3163
3164
3165
3166
3167
3168
3169
3170
3171
3172
3173
3174
3175
3176
3177
3178
3179
3180
3181
3182
3183
3184
-0.005889732019759467 0.01493960688132741 0.006
-0.004507805730064293 0.01700780573006419 0.006
-0.002439606881327546 0.01838973201975942 0.006
-0.006236186844451196 0.01508311316846433 0.006
-0.004772970773009232 0.01727297077300916 0.006
-0.002583113168464423 0.01873618684445116 0.006
-0.006582641669142924 0.01522661945560125 0.006
-0.005038135815954171 0.01753813581595413 0.006
-0.002726619455601301 0.01908264166914291 0.006
-0.005889732019759467 0.01493960688132741 0.003
-0.006132366009879734 0.01371980344066371 0.006
-0.005716504607413604 0.01486785373775895 0.006
-0.006132366009879734 0.01371980344066371 0.003
-0.005716504607413604 0.01486785373775895 0.003
-0.006008538846149573 0.01369517268638023 0.006
-0.006008538846149566 0.01369517268638023 0.003
-0.005889732019759467 0.01493960688132741 0.009000000000000001
-0.006132366009879734 0.01371980344066371 0.009000000000000001
-0.005716504607413604 0.01486785373775895 0.009000000000000001
-0.006008538846149568 0.01369517268638023 0.009000000000000003
-0.004507805730064293 0.01700780573006419 0.003
-0.00519876887491188 0.0159737063056958 0.006
-0.004375223208591824 0.0168752232085917 0.006
-0.00519876887491188 0.0159737063056958 0.003
-0.004375223208591824 0.0168752232085917 0.003
-0.005093793274363597 0.01590356385190668 0.006
-0.005093793274363599 0.01590356385190668 0.003
-0.004507805730064293 0.01700780573006419 0.009000000000000001
-0.00519876887491188 0.0159737063056958 0.009000000000000001
-0.004375223208591824 0.0168752232085917 0.009000000000000001
-0.005093793274363599 0.01590356385190669 0.009000000000000003
-0.002439606881327546 0.01838973201975942 0.003
-0.00347370630569592 0.0176987688749118 0.006
-0.002367853737759107 0.01821650460741354 0.006
-0.00347370630569592 0.0176987688749118 0.003
-0.002367853737759107 0.01821650460741354 0.003
-0.003403563851906817 0.0175937932743635 0.006
-0.003403563851906816 0.0175937932743635 0.003
-0.002439606881327546 0.01838973201975942 0.009000000000000001
-0.00347370630569592 0.0176987688749118 0.009000000000000001
-0.002367853737759107 0.01821650460741354 0.009000000000000001
-0.003403563851906817 0.0175937932743635 0.009000000000000003
-0.001219803440663773 0.01863236600987971 0.006
-0.001219803440663773 0.01863236600987971 0.003
-0.001195172686380305 0.01850853884614953 0.006
-0.001195172686380329 0.01850853884614953 0.003
-0.001219803440663773 0.01863236600987971 0.009000000000000001
-0.001195172686380329 0.01850853884614953 0.009000000000000003
-0.006236186844451196 0.01508311316846433 0.003
-0.006493093422225598 0.01379155658423217 0.006
-0.006062959432105332 0.01501136002489587 0.006
-0.006493093422225597 0.01379155658423217 0.003
-0.006062959432105332 0.01501136002489587 0.003
-0.006312729716052666 0.01375568001244794 0.006
-0.006312729716052666 0.01375568001244794 0.003
-0.006236186844451196 0.01508311316846433 0.009000000000000001
-0.006493093422225598 0.01379155658423217 0.009000000000000001
-0.006062959432105332 0.01501136002489587 0.009000000000000001
-0.006312729716052668 0.01375568001244794 0.009000000000000003
-0.004772970773009232 0.01727297077300916 0.003
-0.005504578808730214 0.01617804197073675 0.006
-0.004640388251536762 0.01714038825153668 0.006
-0.005504578808730214 0.01617804197073675 0.003
-0.004640388251536762 0.01714038825153668 0.003
-0.005351673841821047 0.01607587413821628 0.006
-0.005351673841821048 0.01607587413821628 0.003
-0.004772970773009232 0.01727297077300916 0.009000000000000001
-0.005504578808730214 0.01617804197073675 0.009000000000000001
-0.004640388251536762 0.01714038825153668 0.009000000000000001
-0.005351673841821048 0.01607587413821628 0.009000000000000003
-0.002583113168464423 0.01873618684445116 0.003
-0.003678041970736827 0.01800457880873016 0.006
-0.002511360024895984 0.01856295943210529 0.006
-0.003678041970736827 0.01800457880873016 0.003
-0.002511360024895984 0.01856295943210529 0.003
-0.003575874138216373 0.01785167384182098 0.006
-0.003575874138216374 0.01785167384182097 0.003
-0.002583113168464423 0.01873618684445116 0.009000000000000001
-0.003678041970736827 0.01800457880873016 0.009000000000000001
-0.002511360024895984 0.01856295943210529 0.009000000000000001
-0.003575874138216374 0.01785167384182097 0.009000000000000003
-0.001291556584232211 0.01899309342222558 0.006
-0.001291556584232211 0.01899309342222558 0.003
-0.001255680012447992 0.01881272971605264 0.006
-0.001255680012447992 0.01881272971605265 0.003
-0.001291556584232211 0.01899309342222558 0.009000000000000001
-0.001255680012447992 0.01881272971605264 0.009000000000000003
-0.006582641669142924 0.01522661945560125 0.003
-0.006853820834571461 0.01386330972780063 0.006
-0.00640941425679706 0.01515486631203279 0.006
-0.006853820834571462 0.01386330972780063 0.003
-0.00640941425679706 0.01515486631203279 0.003
-0.006673457128398529 0.0138274331560164 0.006
-0.006673457128398528 0.0138274331560164 0.003
-0.006582641669142924 0.01522661945560125 0.009000000000000001
-0.006853820834571462 0.01386330972780063 0.009000000000000001
-0.00640941425679706 0.01515486631203279 0.009000000000000001
-0.006673457128398529 0.0138274331560164 0.009000000000000003
-0.005038135815954171 0.01753813581595413 0.003
-0.005810388742548547 0.01638237763577769 0.006
-0.004905553294481701 0.01740555329448165 0.006
-0.005810388742548547 0.01638237763577769 0.003
-0.004905553294481701 0.01740555329448165 0.003
-0.005657483775639381 0.01628020980325722 0.006
-0.00565748377563938 0.01628020980325722 0.003
-0.005038135815954171 0.01753813581595413 0.009000000000000001
-0.005810388742548547 0.01638237763577769 0.009000000000000001
-0.004905553294481701 0.01740555329448165 0.009000000000000001
-0.00565748377563938 0.01628020980325722 0.009000000000000003
-0.002726619455601301 0.01908264166914291 0.003
-0.003882377635777736 0.01831038874254852 0.006
-0.002654866312032862 0.01890941425679703 0.006
-0.003882377635777736 0.01831038874254852 0.003
-0.002654866312032862 0.01890941425679703 0.003
-0.003780209803257282 0.01815748377563934 0.006
-0.003780209803257281 0.01815748377563934 0.003
-0.002726619455601301 0.01908264166914291 0.009000000000000001
-0.003882377635777736 0.01831038874254852 0.009000000000000001
-0.002654866312032862 0.01890941425679703 0.009000000000000001
-0.003780209803257281 0.01815748377563934 0.009000000000000003
-0.001363309727800651 0.01935382083457145 0.006
-0.001363309727800651 0.01935382083457145 0.003
-0.001327433156016431 0.01917345712839852 0.006
-0.001327433156016431 0.01917345712839852 0.003
-0.001363309727800651 0.01935382083457145 0.009000000000000001
-0.001327433156016431 0.01917345712839852 0.009000000000000003
-0.006755869081488787 0.01529837259916971 0.006
-0.006755869081488787 0.01529837259916971 0.003
-0.007104855218797857 0.0139132435714608 0.006
-0.007104855218797849 0.01391324357146079 0.003
-0.006755869081488787 0.01529837259916971 0.009000000000000001
-0.00710485521879785 0.0139132435714608 0.009000000000000003
-0.005170718337426638 0.01767071833742662 0.006
-0.005170718337426638 0.01767071833742662 0.003
-0.006023205417408818 0.01652457719171235 0.006
-0.00602320541740882 0.01652457719171235 0.003
-0.005170718337426638 0.01767071833742662 0.009000000000000001
-0.006023205417408821 0.01652457719171236 0.009000000000000003
-0.002798372599169737 0.01925586908148878 0.006
-0.002798372599169737 0.01925586908148878 0.003
-0.004024577191712377 0.0185232054174088 0.006
-0.004024577191712377 0.01852320541740881 0.003
-0.002798372599169737 0.01925586908148878 0.009000000000000001
-0.004024577191712377 0.01852320541740881 0.009000000000000003
-0.001413243571460806 0.01960485521879784 0.006
-0.001413243571460806 0.01960485521879785 0.003
-0.001413243571460806 0.01960485521879784 0.009000000000000003
3 7 0 147
3185
3186
3187
3188
3189
3190
3191
3192
3193
3194
3195
3196
3197
3198
3199
3200
3201
3202
3203
3204
3205
3206
3207
3208
3209
3210
3211
3212
3213
3214
3215
3216
3217
3218
3219
3220
3221
3222
3223
3224
3225
3226
3227
3228
3229
3230
3231
3232
3233
3234
3235
3236
3237
3238
3239
3240
3241
3242
3243
3244
3245
3246
3247
3248
3249
3250
3251
3252
3253
3254
3255
3256
3257
3258
3259
3260
3261
3262
3263
3264
3265
3266
3267
3268
3269
3270
3271
3272
3273
3274
3275
3276
3277
3278
3279
3280
3281
3282
3283
3284
3285
3286
3287
3288
3289
3290
3291
3292
3293
3294
3295
3296
3297
3298
3299
3300
3301
3302
3303
3304
3305
3306
3307
3308
3309
3310
3311
3312
3313
3314
3315
3316
3317
3318
3319
3320
3321
3322
3323
3324
3325
3326
3327
3328
3329
3330
3331
-0.007391036260090283 0.0155614674589207 0.006
-0.005656854249492371 0.01815685424949235 0.006
-0.003061467458920717 0.01989103626009027 0.006
-0.007852976026345913 0.01575280917510323 0.006
-0.006010407640085634 0.0185104076400856 0.006
-0.003252809175103255 0.02035297602634589 0.006
-0.008314915792601543 0.01594415089128575 0.006
-0.006363961030678896 0.01886396103067884 0.006
-0.003444150891285794 0.02081491579260151 0.006
-0.007391036260090283 0.0155614674589207 0.003
-0.007695518130045141 0.01403073372946035 0.006
-0.007160066376962466 0.01546579660082944 0.006
-0.007695518130045141 0.01403073372946035 0.003
-0.007160066376962466 0.01546579660082944 0.003
-0.007525703866534696 0.01399695557229066 0.006
-0.007525703866534688 0.01399695557229066 0.003
-0.007391036260090283 0.0155614674589207 0.009000000000000001
-0.007695518130045141 0.01403073372946035 0.009000000000000001
-0.007160066376962466 0.01546579660082944 0.009000000000000001
-0.007525703866534691 0.01399695557229066 0.009000000000000003
-0.005656854249492371 0.01815685424949235 0.003
-0.006523945254791327 0.01685916085420652 0.006
-0.005480077554195739 0.01798007755419573 0.006
-0.006523945254791327 0.01685916085420652 0.003
-0.005480077554195739 0.01798007755419573 0.003
-0.006379983673530209 0.01676296880092677 0.006
-0.00637998367353021 0.01676296880092677 0.003
-0.005656854249492371 0.01815685424949235 0.009000000000000001
-0.006523945254791327 0.01685916085420652 0.009000000000000001
-0.005480077554195739 0.01798007755419573 0.009000000000000001
-0.00637998367353021 0.01676296880092677 0.009000000000000003
-0.003061467458920717 0.01989103626009027 0.003
-0.004359160854206544 0.01902394525479131 0.006
-0.002965796600829445 0.01966006637696246 0.006
-0.004359160854206544 0.01902394525479131 0.003
-0.002965796600829445 0.01966006637696246 0.003
-0.00426296880092678 0.0188799836735302 0.006
-0.004262968800926781 0.01887998367353019 0.003
-0.003061467458920717 0.01989103626009027 0.009000000000000001
-0.004359160854206544 0.01902394525479131 0.009000000000000001
-0.002965796600829445 0.01966006637696246 0.009000000000000001
-0.004262968800926781 0.01887998367353019 0.009000000000000003
-0.001530733729460358 0.02019551813004513 0.006
-0.001530733729460358 0.02019551813004513 0.003
-0.00149695557229066 0.02002570386653468 0.006
-0.00149695557229066 0.02002570386653468 0.003
-0.001530733729460358 0.02019551813004513 0.009000000000000001
-0.00149695557229066 0.02002570386653468 0.009000000000000003
-0.007852976026345913 0.01575280917510323 0.003
-0.008176488013172955 0.01412640458755161 0.006
-0.007622006143218098 0.01565713831701196 0.006
-0.008176488013172955 0.01412640458755161 0.003
-0.007622006143218098 0.01565713831701196 0.003
-0.007936003071609049 0.01407856915850598 0.006
-0.007936003071609049 0.01407856915850598 0.003
-0.007852976026345913 0.01575280917510323 0.009000000000000001
-0.008176488013172955 0.01412640458755161 0.009000000000000001
-0.007622006143218098 0.01565713831701196 0.009000000000000001
-0.007936003071609049 0.01407856915850598 0.009000000000000003
-0.006010407640085634 0.0185104076400856 0.003
-0.006931691833215773 0.01713160840759441 0.006
-0.005833630944789002 0.01833363094478897 0.006
-0.006931691833215773 0.01713160840759441 0.003
-0.005833630944789002 0.01833363094478897 0.003
-0.006727818544003551 0.01699538463090047 0.006
-0.006727818544003552 0.01699538463090047 0.003
-0.006010407640085634 0.0185104076400856 0.009000000000000001
-0.006931691833215773 0.01713160840759441 0.009000000000000001
-0.005833630944789002 0.01833363094478897 0.009000000000000001
-0.006727818544003552 0.01699538463090047 0.009000000000000003
-0.003252809175103255 0.02035297602634589 0.003
-0.004631608407594445 0.01943169183321574 0.006
-0.003157138317011986 0.02012200614321808 0.006
-0.004631608407594445 0.01943169183321574 0.003
-0.003157138317011986 0.02012200614321808 0.003
-0.004495384630900495 0.01922781854400353 0.006
-0.004495384630900495 0.01922781854400353 0.003
-0.003252809175103255 0.02035297602634589 0.009000000000000001
-0.004631608407594445 0.01943169183321574 0.009000000000000001
-0.003157138317011986 0.02012200614321808 0.009000000000000001
-0.004495384630900495 0.01922781854400353 0.009000000000000003
-0.001626404587551628 0.02067648801317294 0.006
-0.001626404587551628 0.02067648801317295 0.003
-0.001578569158505993 0.02043600307160904 0.006
-0.001578569158505993 0.02043600307160904 0.003
-0.001626404587551628 0.02067648801317295 0.009000000000000001
-0.001578569158505993 0.02043600307160904 0.009000000000000003
-0.008314915792601543 0.01594415089128575 0.003
-0.00865745789630077 0.01422207544564288 0.006
-0.008083945909473728 0.01584848003319449 0.006
-0.00865745789630077 0.01422207544564288 0.003
-0.008083945909473728 0.01584848003319449 0.003
-0.008416972954736861 0.01417424001659724 0.006
-0.008416972954736864 0.01417424001659725 0.003
-0.008314915792601543 0.01594415089128575 0.009000000000000001
-0.00865745789630077 0.01422207544564288 0.009000000000000001
-0.008083945909473728 0.01584848003319449 0.009000000000000001
-0.008416972954736864 0.01417424001659725 0.009000000000000003
-0.006363961030678896 0.01886396103067884 0.003
-0.00733943841164022 0.0174040559609823 0.006
-0.006187184335382265 0.01868718433538222 0.006
-0.007339438411640219 0.01740405596098229 0.003
-0.006187184335382265 0.01868718433538221 0.003
-0.007135565122427997 0.01726783218428835 0.006
-0.007135565122427998 0.01726783218428835 0.003
-0.006363961030678896 0.01886396103067884 0.009000000000000001
-0.007339438411640219 0.0174040559609823 0.009000000000000001
-0.006187184335382265 0.01868718433538222 0.009000000000000001
-0.007135565122427998 0.01726783218428835 0.009000000000000003
-0.003444150891285794 0.02081491579260151 0.003
-0.004904055960982345 0.01983943841164017 0.006
-0.003348480033194525 0.0205839459094737 0.006
-0.004904055960982345 0.01983943841164017 0.003
-0.003348480033194525 0.0205839459094737 0.003
-0.004767832184288395 0.01963556512242796 0.006
-0.004767832184288393 0.01963556512242796 0.003
-0.003444150891285794 0.02081491579260151 0.009000000000000001
-0.004904055960982345 0.01983943841164017 0.009000000000000001
-0.003348480033194525 0.0205839459094737 0.009000000000000001
-0.004767832184288393 0.01963556512242796 0.009000000000000003
-0.001722075445642897 0.02115745789630075 0.006
-0.001722075445642897 0.02115745789630075 0.003
-0.001674240016597262 0.02091697295473684 0.006
-0.001674240016597263 0.02091697295473684 0.003
-0.001722075445642897 0.02115745789630075 0.009000000000000001
-0.001674240016597263 0.02091697295473684 0.009000000000000003
-0.008545885675729399 0.01603982174937701 0.006
-0.008545885675729399 0.01603982174937701 0.003
-0.008987459030065745 0.01428771675239803 0.006
-0.008987459030065741 0.01428771675239803 0.003
-0.008545885675729399 0.01603982174937701 0.009000000000000001
-0.008987459030065741 0.01428771675239803 0.009000000000000003
-0.00654073772597561 0.01904073772597546 0.006
-0.006540737725975607 0.01904073772597546 0.003
-0.007619199864257234 0.01759098658733421 0.006
-0.007619199864257235 0.01759098658733421 0.003
-0.006540737725975607 0.01904073772597546 0.009000000000000001
-0.007619199864257234 0.01759098658733421 0.009000000000000003
-0.003539821749377186 0.02104588567572932 0.006
-0.003539821749377186 0.02104588567572932 0.003
-0.005090986587334369 0.02011919986425711 0.006
-0.005090986587334367 0.02011919986425712 0.003
-0.003539821749377186 0.02104588567572932 0.009000000000000001
-0.005090986587334367 0.02011919986425712 0.009000000000000003
-0.001787716752398116 0.0214874590300657 0.006
-0.001787716752398116 0.0214874590300657 0.003
-0.001787716752398116 0.0214874590300657 0.009000000000000003
3 8 0 147
3332
3333
3334
3335
3336
3337
3338
3339
3340
3341
3342
3343
3344
3345
3346
3347
3348
3349
3350
3351
3352
3353
3354
3355
3356
3357
3358
3359
3360
3361
3362
3363
3364
3365
3366
3367
3368
3369
3370
3371
3372
3373
3374
3375
3376
3377
3378
3379
3380
3381
3382
3383
3384
3385
3386
3387
3388
3389
3390
3391
3392
3393
3394
3395
3396
3397
3398
3399
3400
3401
3402
3403
3404
3405
3406
3407
3408
3409
3410
3411
3412
3413
3414
3415
3416
3417
3418
3419
3420
3421
3422
3423
3424
3425
3426
3427
3428
3429
3430
3431
3432
3433
3434
3435
3436
3437
3438
3439
3440
3441
3442
3443
3444
3445
3446
3447
3448
3449
3450
3451
3452
3453
3454
3455
3456
3457
3458
3459
3460
3461
3462
3463
3464
3465
3466
3467
3468
3469
3470
3471
3472
3473
3474
3475
3476
3477
3478
-0.009707641669142879 0.01678911945560121 0.006
-0.01063842777942859 0.01744274630373414 0.006
-0.01156921388971429 0.01809637315186707 0.006
-0.008163135815954119 0.02066313581595406 0.006
-0.009608757210636081 0.02210875721063604 0.006
-0.01105437860531804 0.02355437860531802 0.006
-0.004289119455601252 0.02220764166914285 0.006
-0.004942746303734169 0.02313842777942857 0.006
-0.005596373151867087 0.02406921388971428 0.006
-0.009707641669142879 0.01678911945560121 0.003
-0.009242248614000068 0.01646230603153474 0.006
-0.009978820834571439 0.0146445597278006 0.006
-0.009242248614000068 0.01646230603153474 0.003
-0.009978820834571439 0.0146445597278006 0.003
-0.009648140499201079 0.01449895889347689 0.006
-0.009648140499201076 0.0144989588934769 0.003
-0.009707641669142879 0.01678911945560121 0.009000000000000001
-0.009242248614000068 0.01646230603153474 0.009000000000000001
-0.009978820834571439 0.0146445597278006 0.009000000000000001
-0.009648140499201076 0.0144989588934769 0.009000000000000003
-0.01063842777942859 0.01744274630373414 0.003
-0.01017303472428573 0.01711593287966767 0.006
-0.01081921388971429 0.01497137315186707 0.006
-0.01017303472428573 0.01711593287966767 0.003
-0.01081921388971429 0.01497137315186707 0.003
-0.01039901736214287 0.01480796643983384 0.006
-0.01039901736214286 0.01480796643983383 0.003
-0.01063842777942859 0.01744274630373414 0.009000000000000001
-0.01017303472428573 0.01711593287966767 0.009000000000000001
-0.01081921388971429 0.01497137315186707 0.009000000000000001
-0.01039901736214286 0.01480796643983384 0.009000000000000003
-0.01156921388971429 0.01809637315186707 0.003
-0.01110382083457144 0.0177695597278006 0.006
-0.01165960694485715 0.01529818657593353 0.006
-0.01110382083457144 0.0177695597278006 0.003
-0.01165960694485715 0.01529818657593353 0.003
-0.01123941041728572 0.0151347798639003 0.006
-0.01123941041728572 0.0151347798639003 0.003
-0.01156921388971429 0.01809637315186707 0.009000000000000001
-0.01110382083457144 0.0177695597278006 0.009000000000000001
-0.01165960694485715 0.01529818657593353 0.009000000000000001
-0.01123941041728572 0.0151347798639003 0.009000000000000003
-0.01203460694485715 0.01842318657593353 0.006
-0.01203460694485715 0.01842318657593353 0.003
-0.01207980347242857 0.01546159328796677 0.006
-0.01207980347242858 0.01546159328796677 0.003
-0.01203460694485715 0.01842318657593353 0.009000000000000001
-0.01207980347242858 0.01546159328796677 0.009000000000000003
-0.008163135815954119 0.02066313581595406 0.003
-0.007440325118613221 0.01994032511861307 0.006
-0.008935388742548499 0.01872612763577763 0.006
-0.007440325118613219 0.01994032511861307 0.003
-0.008935388742548499 0.01872612763577763 0.003
-0.008417175029711375 0.01825202242473187 0.006
-0.008417175029711373 0.01825202242473187 0.003
-0.008163135815954119 0.02066313581595406 0.009000000000000001
-0.007440325118613219 0.01994032511861307 0.009000000000000001
-0.008935388742548499 0.01872612763577763 0.009000000000000001
-0.008417175029711373 0.01825202242473187 0.009000000000000003
-0.009608757210636081 0.02210875721063604 0.003
-0.0088859465132951 0.02138594651329505 0.006
-0.01012359249503233 0.01977575175718509 0.006
-0.0088859465132951 0.02138594651329505 0.003
-0.01012359249503233 0.01977575175718509 0.003
-0.009529490618790416 0.01925093969648136 0.006
-0.009529490618790416 0.01925093969648136 0.003
-0.009608757210636081 0.02210875721063604 0.009000000000000001
-0.0088859465132951 0.02138594651329505 0.009000000000000001
-0.01012359249503233 0.01977575175718509 0.009000000000000001
-0.009529490618790416 0.01925093969648136 0.009000000000000003
-0.01105437860531804 0.02355437860531802 0.003
-0.01033156790797706 0.02283156790797703 0.006
-0.01131179624751617 0.02082537587859255 0.006
-0.01033156790797706 0.02283156790797703 0.003
-0.01131179624751617 0.02082537587859255 0.003
-0.01071769437127425 0.02030056381788882 0.006
-0.01071769437127425 0.02030056381788883 0.003
-0.01105437860531804 0.02355437860531802 0.009000000000000001
-0.01033156790797706 0.02283156790797703 0.009000000000000001
-0.01131179624751617 0.02082537587859255 0.009000000000000001
-0.01071769437127425 0.02030056381788883 0.009000000000000003
-0.01177718930265902 0.02427718930265901 0.006
-0.01177718930265902 0.02427718930265901 0.003
-0.01190589812375808 0.02135018793929627 0.006
-0.01190589812375808 0.02135018793929627 0.003
-0.01177718930265902 0.02427718930265901 0.009000000000000001
-0.01190589812375808 0.02135018793929627 0.009000000000000003
-0.004289119455601252 0.02220764166914285 0.003
-0.003962306031534915 0.02174224861399999 0.006
-0.006226127635777685 0.02143538874254845 0.006
-0.003962306031534915 0.02174224861399999 0.003
-0.006226127635777685 0.02143538874254845 0.003
-0.005752022424732038 0.02091717502971126 0.006
-0.005752022424732038 0.02091717502971125 0.003
-0.004289119455601252 0.02220764166914285 0.009000000000000001
-0.003962306031534915 0.02174224861399999 0.009000000000000001
-0.006226127635777685 0.02143538874254845 0.009000000000000001
-0.005752022424732037 0.02091717502971125 0.009000000000000003
-0.004942746303734169 0.02313842777942857 0.003
-0.004615932879667711 0.02267303472428571 0.006
-0.007275751757185125 0.0226235924950323 0.006
-0.004615932879667711 0.0226730347242857 0.003
-0.007275751757185126 0.0226235924950323 0.003
-0.006750939696481406 0.02202949061879038 0.006
-0.006750939696481405 0.02202949061879038 0.003
-0.004942746303734169 0.02313842777942857 0.009000000000000001
-0.004615932879667711 0.0226730347242857 0.009000000000000001
-0.007275751757185126 0.0226235924950323 0.009000000000000001
-0.006750939696481405 0.02202949061879038 0.009000000000000003
-0.005596373151867087 0.02406921388971428 0.003
-0.005269559727800629 0.02360382083457142 0.006
-0.008325375878592564 0.02381179624751615 0.006
-0.005269559727800629 0.02360382083457142 0.003
-0.008325375878592564 0.02381179624751615 0.003
-0.007800563817888844 0.02321769437127423 0.006
-0.007800563817888847 0.02321769437127423 0.003
-0.005596373151867087 0.02406921388971428 0.009000000000000001
-0.005269559727800629 0.02360382083457142 0.009000000000000001
-0.008325375878592564 0.02381179624751615 0.009000000000000001
-0.007800563817888847 0.02321769437127423 0.009000000000000003
-0.005923186575933546 0.02453460694485714 0.006
-0.005923186575933546 0.02453460694485714 0.003
-0.008850187939296284 0.02440589812375808 0.006
-0.008850187939296282 0.02440589812375808 0.003
-0.005923186575933546 0.02453460694485714 0.009000000000000001
-0.008850187939296282 0.02440589812375808 0.009000000000000003
-0.002144559727800626 0.02247882083457142 0.006
-0.002144559727800626 0.02247882083457142 0.003
-0.00199895889347698 0.02214814049920103 0.006
-0.00199895889347698 0.02214814049920103 0.003
-0.002144559727800626 0.02247882083457142 0.009000000000000001
-0.00199895889347698 0.02214814049920103 0.009000000000000003
-0.002471373151867085 0.02331921388971428 0.006
-0.002471373151867085 0.02331921388971429 0.003
-0.002307966439833855 0.02289901736214285 0.006
-0.002307966439833856 0.02289901736214285 0.003
-0.002471373151867085 0.02331921388971429 0.009000000000000001
-0.002307966439833855 0.02289901736214285 0.009000000000000003
-0.002798186575933544 0.02415960694485714 0.006
-0.002798186575933544 0.02415960694485714 0.003
-0.002634779863900314 0.02373941041728572 0.006
-0.002634779863900315 0.02373941041728572 0.003
-0.002798186575933544 0.02415960694485714 0.009000000000000001
-0.002634779863900315 0.02373941041728572 0.009000000000000003
-0.002961593287966773 0.02457980347242857 0.006
-0.002961593287966773 0.02457980347242858 0.003
-0.002961593287966773 0.02457980347242858 0.009000000000000003
3 9 0 147
3479
3480
3481
3482
3483
3484
3485
3486
3487
3488
3489
3490
3491
3492
3493
3494
3495
3496
3497
3498
3499
3500
3501
3502
3503
3504
3505
3506
3507
3508
3509
3510
3511
3512
3513
3514
3515
3516
3517
3518
3519
3520
3521
3522
3523
3524
3525
3526
3527
3528
3529
3530
3531
3532
3533
3534
3535
3536
3537
3538
3539
3540
3541
3542
3543
3544
3545
3546
3547
3548
3549
3550
3551
3552
3553
3554
3555
3556
3557
3558
3559
3560
3561
3562
3563
3564
3565
3566
3567
3568
3569
3570
3571
3572
3573
3574
3575
3576
3577
3578
3579
3580
3581
3582
3583
3584
3585
3586
3587
3588
3589
3590
3591
3592
3593
3594
3595
3596
3597
3598
3599
3600
3601
3602
3603
3604
3605
3606
3607
3608
3609
3610
3611
3612
3613
3614
3615
3616
3617
3618
3619
3620
3621
3622
3623
3624
3625
0.005889732019759439 0.01493960688132748 0.006
0.006236186844451176 0.01508311316846438 0.006
0.006582641669142913 0.01522661945560128 0.006
0.004507805730064185 0.01700780573006429 0.006
0.004772970773009158 0.01727297077300924 0.006
0.005038135815954132 0.01753813581595417 0.006
0.002439606881327347 0.0183897320197595 0.006
0.002583113168464292 0.01873618684445122 0.006
0.002726619455601236 0.01908264166914293 0.006
0.005889732019759439 0.01493960688132748 0.003
0.00571650460741357 0.01486785373775903 0.006
0.006132366009879719 0.01371980344066374 0.006
0.00571650460741357 0.01486785373775903 0.003
0.006132366009879719 0.01371980344066374 0.003
0.006008538846149549 0.01369517268638027 0.006
0.006008538846149551 0.01369517268638027 0.003
0.005889732019759439 0.01493960688132748 0.009000000000000001
0.00571650460741357 0.01486785373775903 0.009000000000000001
0.006132366009879719 0.01371980344066374 0.009000000000000001
0.006008538846149551 0.01369517268638027 0.009000000000000003
0.006236186844451176 0.01508311316846438 0.003
0.006062959432105308 0.01501136002489593 0.006
0.006493093422225588 0.01379155658423219 0.006
0.006062959432105307 0.01501136002489593 0.003
0.006493093422225588 0.01379155658423219 0.003
0.006312729716052654 0.01375568001244797 0.006
0.006312729716052656 0.01375568001244797 0.003
0.006236186844451176 0.01508311316846438 0.009000000000000001
0.006062959432105308 0.01501136002489593 0.009000000000000001
0.006493093422225588 0.01379155658423219 0.009000000000000001
0.006312729716052656 0.01375568001244797 0.009000000000000003
0.006582641669142913 0.01522661945560128 0.003
0.006409414256797044 0.01515486631203283 0.006
0.006853820834571456 0.01386330972780064 0.006
0.006409414256797044 0.01515486631203283 0.003
0.006853820834571456 0.01386330972780064 0.003
0.006673457128398522 0.01382743315601642 0.006
0.006673457128398523 0.01382743315601642 0.003
0.006582641669142913 0.01522661945560128 0.009000000000000001
0.006409414256797044 0.01515486631203283 0.009000000000000001
0.006853820834571456 0.01386330972780064 0.009000000000000001
0.006673457128398523 0.01382743315601642 0.009000000000000003
0.006755869081488782 0.01529837259916973 0.006
0.006755869081488781 0.01529837259916973 0.003
0.007104855218797842 0.0139132435714608 0.006
0.007104855218797841 0.0139132435714608 0.003
0.006755869081488782 0.01529837259916973 0.009000000000000001
0.007104855218797841 0.0139132435714608 0.009000000000000003
0.004507805730064185 0.01700780573006429 0.003
0.004375223208591699 0.01687522320859183 0.006
0.005198768874911812 0.01597370630569589 0.006
0.004375223208591699 0.01687522320859183 0.003
0.005198768874911812 0.01597370630569589 0.003
0.005093793274363521 0.01590356385190678 0.006
0.005093793274363521 0.01590356385190679 0.003
0.004507805730064185 0.01700780573006429 0.009000000000000001
0.004375223208591699 0.01687522320859183 0.009000000000000001
0.005198768874911812 0.01597370630569589 0.009000000000000001
0.005093793274363521 0.01590356385190679 0.009000000000000003
0.004772970773009158 0.01727297077300924 0.003
0.004640388251536671 0.01714038825153676 0.006
0.005504578808730167 0.01617804197073681 0.006
0.004640388251536671 0.01714038825153677 0.003
0.005504578808730167 0.01617804197073681 0.003
0.00535167384182099 0.01607587413821635 0.006
0.005351673841820989 0.01607587413821634 0.003
0.004772970773009158 0.01727297077300924 0.009000000000000001
0.004640388251536671 0.01714038825153676 0.009000000000000001
0.005504578808730167 0.01617804197073681 0.009000000000000001
0.005351673841820989 0.01607587413821635 0.009000000000000003
0.005038135815954132 0.01753813581595417 0.003
0.004905553294481645 0.0174055532944817 0.006
0.005810388742548522 0.01638237763577773 0.006
0.004905553294481645 0.0174055532944817 0.003
0.005810388742548522 0.01638237763577773 0.003
0.005657483775639346 0.01628020980325727 0.006
0.005657483775639345 0.01628020980325726 0.003
0.005038135815954132 0.01753813581595417 0.009000000000000001
0.004905553294481645 0.0174055532944817 0.009000000000000001
0.005810388742548522 0.01638237763577773 0.009000000000000001
0.005657483775639344 0.01628020980325726 0.009000000000000003
0.005170718337426618 0.01767071833742664 0.006
0.005170718337426617 0.01767071833742664 0.003
0.006023205417408805 0.01652457719171237 0.006
0.006023205417408805 0.01652457719171237 0.003
0.005170718337426617 0.01767071833742664 0.009000000000000001
0.006023205417408806 0.01652457719171237 0.009000000000000003
0.002439606881327347 0.0183897320197595 0.003
0.002367853737758874 0.01821650460741363 0.006
0.003473706305695766 0.0176987688749119 0.006
0.002367853737758874 0.01821650460741364 0.003
0.003473706305695766 0.0176987688749119 0.003
0.003403563851906638 0.01759379327436362 0.006
0.003403563851906637 0.01759379327436362 0.003
0.002439606881327347 0.0183897320197595 0.009000000000000001
0.002367853737758874 0.01821650460741363 0.009000000000000001
0.003473706305695766 0.0176987688749119 0.009000000000000001
0.003403563851906636 0.01759379327436362 0.009000000000000003
0.002583113168464292 0.01873618684445122 0.003
0.002511360024895819 0.01856295943210536 0.006
0.003678041970736725 0.01800457880873023 0.006
0.002511360024895819 0.01856295943210536 0.003
0.003678041970736725 0.01800457880873023 0.003
0.003575874138216245 0.01785167384182106 0.006
0.003575874138216245 0.01785167384182106 0.003
0.002583113168464292 0.01873618684445122 0.009000000000000001
0.002511360024895819 0.01856295943210536 0.009000000000000001
0.003678041970736725 0.01800457880873023 0.009000000000000001
0.003575874138216245 0.01785167384182106 0.009000000000000003
0.002726619455601236 0.01908264166914293 0.003
0.002654866312032764 0.01890941425679708 0.006
0.003882377635777684 0.01831038874254855 0.006
0.002654866312032764 0.01890941425679707 0.003
0.003882377635777684 0.01831038874254855 0.003
0.003780209803257204 0.01815748377563939 0.006
0.003780209803257205 0.01815748377563939 0.003
0.002726619455601236 0.01908264166914293 0.009000000000000001
0.002654866312032764 0.01890941425679708 0.009000000000000001
0.003882377635777684 0.01831038874254855 0.009000000000000001
0.003780209803257205 0.01815748377563939 0.009000000000000003
0.002798372599169707 0.01925586908148879 0.006
0.002798372599169707 0.01925586908148879 0.003
0.00402457719171235 0.01852320541740882 0.006
0.004024577191712352 0.01852320541740882 0.003
0.002798372599169707 0.01925586908148879 0.009000000000000001
0.004024577191712351 0.01852320541740882 0.009000000000000003
0.001219803440663673 0.01863236600987975 0.006
0.001219803440663673 0.01863236600987975 0.003
0.001195172686380186 0.01850853884614958 0.006
0.001195172686380162 0.01850853884614959 0.003
0.001219803440663673 0.01863236600987975 0.009000000000000001
0.001195172686380162 0.01850853884614958 0.009000000000000003
0.001291556584232146 0.01899309342222561 0.006
0.001291556584232146 0.01899309342222561 0.003
0.00125568001244791 0.01881272971605268 0.006
0.001255680012447909 0.01881272971605268 0.003
0.001291556584232146 0.01899309342222561 0.009000000000000001
0.00125568001244791 0.01881272971605268 0.009000000000000003
0.001363309727800618 0.01935382083457147 0.006
0.001363309727800618 0.01935382083457147 0.003
0.001327433156016382 0.01917345712839854 0.006
0.001327433156016383 0.01917345712839854 0.003
0.001363309727800618 0.01935382083457147 0.009000000000000001
0.001327433156016383 0.01917345712839855 0.009000000000000003
0.001413243571460791 0.01960485521879785 0.006
0.001413243571460792 0.01960485521879785 0.003
0.001413243571460792 0.01960485521879785 0.009000000000000003
3 10 0 147
3626
3627
3628
3629
3630
3631
3632
3633
3634
3635
3636
3637
3638
3639
3640
3641
3642
3643
3644
3645
3646
3647
3648
3649
3650
3651
3652
3653
3654
3655
3656
3657
3658
3659
3660
3661
3662
3663
3664
3665
3666
3667
3668
3669
3670
3671
3672
3673
3674
3675
3676
3677
3678
3679
3680
3681
3682
3683
3684
3685
3686
3687
3688
3689
3690
3691
3692
3693
3694
3695
3696
3697
3698
3699
3700
3701
3702
3703
3704
3705
3706
3707
3708
3709
3710
3711
3712
3713
3714
3715
3716
3717
3718
3719
3720
3721
3722
3723
3724
3725
3726
3727
3728
3729
3730
3731
3732
3733
3734
3735
3736
3737
3738
3739
3740
3741
3742
3743
3744
3745
3746
3747
3748
3749
3750
3751
3752
3753
3754
3755
3756
3757
3758
3759
3760
3761
3762
3763
3764
3765
3766
3767
3768
3769
3770
3771
3772
0.007391036260090286 0.01556146745892074 0.006
0.00785297602634592 0.0157528091751033 0.006
0.008314915792601556 0.01594415089128587 0.006
0.005656854249492348 0.01815685424949241 0.006
0.006010407640085589 0.01851040764008572 0.006
0.006363961030678832 0.01886396103067902 0.006
0.003061467458920662 0.01989103626009032 0.006
0.003252809175103146 0.02035297602634599 0.006
0.003444150891285631 0.02081491579260165 0.006
0.007391036260090286 0.01556146745892074 0.003
0.007160066376962468 0.01546579660082946 0.006
0.007695518130045143 0.01403073372946037 0.006
0.007160066376962468 0.01546579660082946 0.003
0.007695518130045143 0.01403073372946037 0.003
0.007525703866534686 0.01399695557229067 0.006
0.007525703866534686 0.01399695557229067 0.003
0.007391036260090286 0.01556146745892074 0.009000000000000001
0.007160066376962468 0.01546579660082946 0.009000000000000001
0.007695518130045143 0.01403073372946037 0.009000000000000001
0.007525703866534686 0.01399695557229066 0.009000000000000003
0.00785297602634592 0.0157528091751033 0.003
0.007622006143218103 0.01565713831701202 0.006
0.008176488013172958 0.01412640458755165 0.006
0.007622006143218103 0.01565713831701202 0.003
0.008176488013172958 0.01412640458755165 0.003
0.007936003071609053 0.01407856915850601 0.006
0.007936003071609049 0.01407856915850601 0.003
0.00785297602634592 0.0157528091751033 0.009000000000000001
0.007622006143218103 0.01565713831701202 0.009000000000000001
0.008176488013172958 0.01412640458755165 0.009000000000000001
0.007936003071609049 0.01407856915850601 0.009000000000000003
0.008314915792601556 0.01594415089128587 0.003
0.008083945909473738 0.01584848003319458 0.006
0.008657457896300777 0.01422207544564293 0.006
0.008083945909473738 0.01584848003319459 0.003
0.008657457896300777 0.01422207544564294 0.003
0.008416972954736868 0.01417424001659729 0.006
0.008416972954736868 0.0141742400165973 0.003
0.008314915792601556 0.01594415089128587 0.009000000000000001
0.008083945909473738 0.01584848003319458 0.009000000000000001
0.008657457896300777 0.01422207544564294 0.009000000000000001
0.008416972954736868 0.01417424001659729 0.009000000000000003
0.008545885675729375 0.01603982174937715 0.006
0.008545885675729375 0.01603982174937715 0.003
0.008987459030065727 0.0142877167523981 0.006
0.008987459030065731 0.0142877167523981 0.003
0.008545885675729375 0.01603982174937715 0.009000000000000001
0.008987459030065731 0.0142877167523981 0.009000000000000003
0.005656854249492348 0.01815685424949241 0.003
0.005480077554195727 0.01798007755419576 0.006
0.006523945254791317 0.01685916085420658 0.006
0.005480077554195727 0.01798007755419576 0.003
0.006523945254791317 0.01685916085420658 0.003
0.006379983673530201 0.0167629688009268 0.006
0.006379983673530201 0.0167629688009268 0.003
0.005656854249492348 0.01815685424949241 0.009000000000000001
0.005480077554195727 0.01798007755419576 0.009000000000000001
0.006523945254791317 0.01685916085420658 0.009000000000000001
0.006379983673530201 0.01676296880092679 0.009000000000000003
0.006010407640085589 0.01851040764008572 0.003
0.005833630944788969 0.01833363094478906 0.006
0.006931691833215754 0.01713160840759451 0.006
0.005833630944788969 0.01833363094478906 0.003
0.006931691833215755 0.01713160840759451 0.003
0.006727818544003536 0.01699538463090054 0.006
0.006727818544003535 0.01699538463090054 0.003
0.006010407640085589 0.01851040764008572 0.009000000000000001
0.005833630944788969 0.01833363094478906 0.009000000000000001
0.006931691833215754 0.01713160840759451 0.009000000000000001
0.006727818544003535 0.01699538463090054 0.009000000000000003
0.006363961030678832 0.01886396103067902 0.003
0.006187184335382211 0.01868718433538237 0.006
0.007339438411640194 0.01740405596098245 0.006
0.006187184335382211 0.01868718433538237 0.003
0.007339438411640194 0.01740405596098244 0.003
0.007135565122427974 0.01726783218428848 0.006
0.007135565122427975 0.01726783218428848 0.003
0.006363961030678832 0.01886396103067902 0.009000000000000001
0.006187184335382211 0.01868718433538237 0.009000000000000001
0.007339438411640194 0.01740405596098245 0.009000000000000001
0.007135565122427974 0.01726783218428848 0.009000000000000003
0.006540737725975454 0.01904073772597568 0.006
0.006540737725975455 0.01904073772597567 0.003
0.007619199864257152 0.01759098658733439 0.006
0.007619199864257154 0.01759098658733439 0.003
0.006540737725975455 0.01904073772597568 0.009000000000000001
0.007619199864257153 0.0175909865873344 0.009000000000000003
0.003061467458920662 0.01989103626009032 0.003
0.00296579660082942 0.01966006637696249 0.006
0.004359160854206505 0.01902394525479137 0.006
0.00296579660082942 0.01966006637696248 0.003
0.004359160854206505 0.01902394525479137 0.003
0.004262968800926761 0.01887998367353023 0.006
0.004262968800926763 0.01887998367353023 0.003
0.003061467458920662 0.01989103626009032 0.009000000000000001
0.00296579660082942 0.01966006637696248 0.009000000000000001
0.004359160854206505 0.01902394525479137 0.009000000000000001
0.004262968800926763 0.01887998367353023 0.009000000000000003
0.003252809175103146 0.02035297602634599 0.003
0.003157138317011904 0.02012200614321815 0.006
0.004631608407594368 0.01943169183321585 0.006
0.003157138317011904 0.02012200614321815 0.003
0.004631608407594368 0.01943169183321585 0.003
0.004495384630900437 0.01922781854400361 0.006
0.004495384630900438 0.0192278185440036 0.003
0.003252809175103146 0.02035297602634599 0.009000000000000001
0.003157138317011904 0.02012200614321815 0.009000000000000001
0.004631608407594368 0.01943169183321585 0.009000000000000001
0.004495384630900438 0.0192278185440036 0.009000000000000003
0.003444150891285631 0.02081491579260165 0.003
0.003348480033194389 0.02058394590947382 0.006
0.004904055960982232 0.01983943841164034 0.006
0.003348480033194388 0.02058394590947382 0.003
0.004904055960982231 0.01983943841164034 0.003
0.0047678321842883 0.0196355651224281 0.006
0.004767832184288299 0.01963556512242809 0.003
0.003444150891285631 0.02081491579260165 0.009000000000000001
0.003348480033194388 0.02058394590947382 0.009000000000000001
0.004904055960982232 0.01983943841164034 0.009000000000000001
0.004767832184288299 0.0196355651224281 0.009000000000000003
0.003539821749376873 0.02104588567572949 0.006
0.003539821749376873 0.02104588567572949 0.003
0.005090986587334137 0.02011919986425732 0.006
0.005090986587334136 0.02011919986425732 0.003
0.003539821749376873 0.02104588567572949 0.009000000000000001
0.005090986587334137 0.02011919986425732 0.009000000000000003
0.001530733729460331 0.02019551813004516 0.006
0.001530733729460331 0.02019551813004516 0.003
0.001496955572290647 0.02002570386653469 0.006
0.001496955572290648 0.02002570386653469 0.003
0.001530733729460331 0.02019551813004516 0.009000000000000001
0.001496955572290648 0.02002570386653469 0.009000000000000003
0.001626404587551573 0.02067648801317299 0.006
0.001626404587551573 0.02067648801317299 0.003
0.001578569158505952 0.02043600307160907 0.006
0.001578569158505952 0.02043600307160907 0.003
0.001626404587551573 0.02067648801317299 0.009000000000000001
0.001578569158505952 0.02043600307160907 0.009000000000000003
0.001722075445642816 0.02115745789630083 0.006
0.001722075445642816 0.02115745789630083 0.003
0.001674240016597194 0.02091697295473691 0.006
0.001674240016597195 0.0209169729547369 0.003
0.001722075445642816 0.02115745789630083 0.009000000000000001
0.001674240016597195 0.02091697295473691 0.009000000000000003
0.001787716752397956 0.02148745903006578 0.006
0.001787716752397915 0.02148745903006579 0.003
0.001787716752397914 0.02148745903006579 0.009000000000000003
3 11 0 147
3773
3774
3775
3776
3777
3778
3779
3780
3781
3782
3783
3784
3785
3786
3787
3788
3789
3790
3791
3792
3793
3794
3795
3796
3797
3798
3799
3800
3801
3802
3803
3804
3805
3806
3807
3808
3809
3810
3811
3812
3813
3814
3815
3816
3817
3818
3819
3820
3821
3822
3823
3824
3825
3826
3827
3828
3829
3830
3831
3832
3833
3834
3835
3836
3837
3838
3839
3840
3841
3842
3843
3844
3845
3846
3847
3848
3849
3850
3851
3852
3853
3854
3855
3856
3857
3858
3859
3860
3861
3862
3863
3864
3865
3866
3867
3868
3869
3870
3871
3872
3873
3874
3875
3876
3877
3878
3879
3880
3881
3882
3883
3884
3885
3886
3887
3888
3889
3890
3891
3892
3893
3894
3895
3896
3897
3898
3899
3900
3901
3902
3903
3904
3905
3906
3907
3908
3909
3910
3911
3912
3913
3914
3915
3916
3917
3918
3919
0.004289119455601085 0.02220764166914299 0.006
0.008163135815954056 0.02066313581595424 0.006
0.009707641669142893 0.01678911945560133 0.006
0.004942746303734055 0.02313842777942866 0.006
0.009608757210636037 0.02210875721063616 0.006
0.0106384277794286 0.01744274630373422 0.006
0.005596373151867026 0.02406921388971433 0.006
0.01105437860531802 0.02355437860531808 0.006
0.0115692138897143 0.01809637315186711 0.006
0.004289119455601085 0.02220764166914299 0.003
0.002144559727800542 0.0224788208345715 0.006
0.0039623060315346 0.02174224861400016 0.006
0.002144559727800543 0.0224788208345715 0.003
0.0039623060315346 0.02174224861400016 0.003
0.001998958893476819 0.02214814049920112 0.006
0.001998958893476779 0.02214814049920113 0.003
0.004289119455601085 0.02220764166914299 0.009000000000000001
0.002144559727800543 0.0224788208345715 0.009000000000000001
0.0039623060315346 0.02174224861400016 0.009000000000000001
0.001998958893476777 0.02214814049920113 0.009000000000000003
0.008163135815954056 0.02066313581595424 0.003
0.006226127635777571 0.02143538874254862 0.006
0.007440325118613066 0.01994032511861329 0.006
0.00622612763577757 0.02143538874254862 0.003
0.007440325118613067 0.01994032511861329 0.003
0.005752022424731806 0.02091717502971146 0.006
0.005752022424731806 0.02091717502971146 0.003
0.008163135815954056 0.02066313581595424 0.009000000000000001
0.006226127635777571 0.02143538874254862 0.009000000000000001
0.007440325118613067 0.01994032511861329 0.009000000000000001
0.005752022424731807 0.02091717502971146 0.009000000000000003
0.009707641669142893 0.01678911945560133 0.003
0.008935388742548475 0.01872612763577779 0.006
0.009242248614000043 0.01646230603153488 0.006
0.008935388742548475 0.01872612763577779 0.003
0.009242248614000043 0.01646230603153488 0.003
0.008417175029711291 0.01825202242473206 0.006
0.008417175029711291 0.01825202242473206 0.003
0.009707641669142893 0.01678911945560133 0.009000000000000001
0.008935388742548475 0.01872612763577779 0.009000000000000001
0.009242248614000043 0.01646230603153488 0.009000000000000001
0.008417175029711291 0.01825202242473206 0.009000000000000003
0.009978820834571446 0.01464455972780066 0.006
0.009978820834571446 0.01464455972780066 0.003
0.009648140499201062 0.01449895889347696 0.006
0.00964814049920106 0.01449895889347696 0.003
0.009978820834571446 0.01464455972780066 0.009000000000000001
0.009648140499201062 0.01449895889347696 0.009000000000000003
0.004942746303734055 0.02313842777942866 0.003
0.002471373151867027 0.02331921388971433 0.006
0.004615932879667569 0.02267303472428583 0.006
0.002471373151867027 0.02331921388971433 0.003
0.004615932879667569 0.02267303472428583 0.003
0.002307966439833785 0.02289901736214291 0.006
0.002307966439833784 0.02289901736214291 0.003
0.004942746303734055 0.02313842777942866 0.009000000000000001
0.002471373151867027 0.02331921388971433 0.009000000000000001
0.004615932879667569 0.02267303472428583 0.009000000000000001
0.002307966439833784 0.02289901736214291 0.009000000000000003
0.009608757210636037 0.02210875721063616 0.003
0.007275751757185046 0.02262359249503242 0.006
0.008885946513295048 0.0213859465132952 0.006
0.007275751757185046 0.02262359249503241 0.003
0.008885946513295048 0.0213859465132952 0.003
0.006750939696481308 0.02202949061879052 0.006
0.006750939696481306 0.02202949061879052 0.003
0.009608757210636037 0.02210875721063616 0.009000000000000001
0.007275751757185046 0.02262359249503242 0.009000000000000001
0.008885946513295048 0.0213859465132952 0.009000000000000001
0.006750939696481306 0.02202949061879052 0.009000000000000003
0.0106384277794286 0.01744274630373422 0.003
0.01012359249503232 0.01977575175718519 0.006
0.01017303472428574 0.01711593287966777 0.006
0.01012359249503232 0.01977575175718519 0.003
0.01017303472428574 0.01711593287966777 0.003
0.009529490618790395 0.01925093969648149 0.006
0.009529490618790395 0.01925093969648149 0.003
0.0106384277794286 0.01744274630373422 0.009000000000000001
0.01012359249503232 0.01977575175718519 0.009000000000000001
0.01017303472428574 0.01711593287966777 0.009000000000000001
0.009529490618790395 0.01925093969648149 0.009000000000000003
0.0108192138897143 0.01497137315186711 0.006
0.0108192138897143 0.01497137315186711 0.003
0.01039901736214287 0.01480796643983389 0.006
0.01039901736214287 0.01480796643983389 0.003
0.0108192138897143 0.01497137315186711 0.009000000000000001
0.01039901736214287 0.01480796643983389 0.009000000000000003
0.005596373151867026 0.02406921388971433 0.003
0.002798186575933513 0.02415960694485716 0.006
0.00526955972780054 0.0236038208345715 0.006
0.002798186575933513 0.02415960694485716 0.003
0.00526955972780054 0.0236038208345715 0.003
0.00263477986390027 0.02373941041728575 0.006
0.00263477986390027 0.02373941041728575 0.003
0.005596373151867026 0.02406921388971433 0.009000000000000001
0.002798186575933513 0.02415960694485716 0.009000000000000001
0.00526955972780054 0.0236038208345715 0.009000000000000001
0.002634779863900269 0.02373941041728575 0.009000000000000003
0.01105437860531802 0.02355437860531808 0.003
0.008325375878592525 0.02381179624751621 0.006
0.01033156790797703 0.02283156790797712 0.006
0.008325375878592525 0.02381179624751621 0.003
0.01033156790797703 0.02283156790797712 0.003
0.007800563817888784 0.02321769437127431 0.006
0.007800563817888784 0.02321769437127431 0.003
0.01105437860531802 0.02355437860531808 0.009000000000000001
0.008325375878592525 0.02381179624751621 0.009000000000000001
0.01033156790797703 0.02283156790797712 0.009000000000000001
0.007800563817888784 0.02321769437127431 0.009000000000000003
0.0115692138897143 0.01809637315186711 0.003
0.01131179624751616 0.0208253758785926 0.006
0.01110382083457145 0.01776955972780066 0.006
0.01131179624751616 0.0208253758785926 0.003
0.01110382083457145 0.01776955972780066 0.003
0.01071769437127424 0.02030056381788889 0.006
0.01071769437127424 0.02030056381788889 0.003
0.0115692138897143 0.01809637315186711 0.009000000000000001
0.01131179624751616 0.0208253758785926 0.009000000000000001
0.01110382083457145 0.01776955972780066 0.009000000000000001
0.01071769437127424 0.02030056381788889 0.009000000000000003
0.01165960694485715 0.01529818657593356 0.006
0.01165960694485715 0.01529818657593356 0.003
0.01123941041728572 0.01513477986390033 0.006
0.01123941041728573 0.01513477986390033 0.003
0.01165960694485715 0.01529818657593356 0.009000000000000001
0.01123941041728573 0.01513477986390033 0.009000000000000003
0.005923186575933511 0.02453460694485717 0.006
0.005923186575933511 0.02453460694485717 0.003
0.002961593287966755 0.02457980347242858 0.006
0.002961593287966756 0.02457980347242858 0.003
0.005923186575933511 0.02453460694485717 0.009000000000000001
0.002961593287966755 0.02457980347242858 0.009000000000000003
0.01177718930265901 0.02427718930265904 0.006
0.01177718930265901 0.02427718930265904 0.003
0.008850187939296261 0.0244058981237581 0.006
0.008850187939296261 0.0244058981237581 0.003
0.01177718930265901 0.02427718930265904 0.009000000000000001
0.008850187939296261 0.0244058981237581 0.009000000000000003
0.01203460694485715 0.01842318657593356 0.006
0.01203460694485715 0.01842318657593356 0.003
0.01190589812375808 0.0213501879392963 0.006
0.01190589812375808 0.02135018793929629 0.003
0.01203460694485715 0.01842318657593356 0.009000000000000001
0.01190589812375808 0.02135018793929629 0.009000000000000003
0.01207980347242858 0.01546159328796678 0.006
0.01207980347242858 0.01546159328796678 0.003
0.01207980347242858 0.01546159328796678 0.009000000000000003
3 12 0 147
3920
3921
3922
3923
3924
3925
3926
3927
3928
3929
3930
3931
3932
3933
3934
3935
3936
3937
3938
3939
3940
3941
3942
3943
3944
3945
3946
3947
3948
3949
3950
3951
3952
3953
3954
3955
3956
3957
3958
3959
3960
3961
3962
3963
3964
3965
3966
3967
3968
3969
3970
3971
3972
3973
3974
3975
3976
3977
3978
3979
3980
3981
3982
3983
3984
3985
3986
3987
3988
3989
3990
3991
3992
3993
3994
3995
3996
3997
3998
3999
4000
4001
4002
4003
4004
4005
4006
4007
4008
4009
4010
4011
4012
4013
4014
4015
4016
4017
4018
4019
4020
4021
4022
4023
4024
4025
4026
4027
4028
4029
4030
4031
4032
4033
4034
4035
4036
4037
4038
4039
4040
4041
4042
4043
4044
4045
4046
4047
4048
4049
4050
4051
4052
4053
4054
4055
4056
4057
4058
4059
4060
4061
4062
4063
4064
4065
4066
0.009707641669142893 0.008210880544398681 0.006
0.008163135815954063 0.004336864184045765 0.006
0.004289119455601098 0.002792358330857013 0.006
0.0106384277794286 0.007557253696265789 0.006
0.009608757210636042 0.002891242789363843 0.006
0.004942746303734067 0.001861572220571343 0.006
0.0115692138897143 0.006903626848132897 0.006
0.01105437860531802 0.001445621394681922 0.006
0.005596373151867035 0.0009307861102856715 0.006
0.009707641669142893 0.008210880544398681 0.003
0.009978820834571446 0.01035544027219934 0.006
0.009242248614000043 0.008537693968465127 0.006
0.009978820834571446 0.01035544027219934 0.003
0.009242248614000043 0.008537693968465127 0.003
0.009648140499201062 0.01050104110652304 0.006
0.009648140499201062 0.01050104110652304 0.003
0.009707641669142893 0.008210880544398681 0.009000000000000001
0.009978820834571446 0.01035544027219934 0.009000000000000001
0.009242248614000043 0.008537693968465127 0.009000000000000001
0.009648140499201065 0.01050104110652304 0.009000000000000003
0.008163135815954063 0.004336864184045765 0.003
0.008935388742548478 0.006273872364222223 0.006
0.007440325118613075 0.005059674881386725 0.006
0.008935388742548478 0.006273872364222223 0.003
0.007440325118613074 0.005059674881386725 0.003
0.008417175029711293 0.006747977575267948 0.006
0.008417175029711295 0.00674797757526795 0.003
0.008163135815954063 0.004336864184045765 0.009000000000000001
0.008935388742548478 0.006273872364222223 0.009000000000000001
0.007440325118613075 0.005059674881386725 0.009000000000000001
0.008417175029711298 0.006747977575267952 0.009000000000000003
0.004289119455601098 0.002792358330857013 0.003
0.00622612763577758 0.003564611257451389 0.006
0.003962306031534613 0.003257751385999849 0.006
0.00622612763577758 0.003564611257451389 0.003
0.003962306031534614 0.003257751385999849 0.003
0.005752022424731816 0.004082824970288548 0.006
0.005752022424731816 0.004082824970288548 0.003
0.004289119455601098 0.002792358330857013 0.009000000000000001
0.00622612763577758 0.003564611257451389 0.009000000000000001
0.003962306031534614 0.003257751385999849 0.009000000000000001
0.005752022424731816 0.004082824970288551 0.009000000000000003
0.002144559727800549 0.002521179165428507 0.006
0.002144559727800549 0.002521179165428507 0.003
0.001998958893476825 0.002851859500798881 0.006
0.001998958893476783 0.002851859500798883 0.003
0.002144559727800549 0.002521179165428507 0.009000000000000001
0.001998958893476825 0.002851859500798881 0.009000000000000003
0.0106384277794286 0.007557253696265789 0.003
0.0108192138897143 0.01002862684813289 0.006
0.01017303472428575 0.007884067120332235 0.006
0.0108192138897143 0.01002862684813289 0.003
0.01017303472428575 0.007884067120332235 0.003
0.01039901736214287 0.01019203356016612 0.006
0.01039901736214287 0.01019203356016612 0.003
0.0106384277794286 0.007557253696265789 0.009000000000000001
0.0108192138897143 0.01002862684813289 0.009000000000000001
0.01017303472428575 0.007884067120332235 0.009000000000000001
0.01039901736214287 0.01019203356016612 0.009000000000000003
0.009608757210636042 0.002891242789363843 0.003
0.01012359249503232 0.005224248242814816 0.006
0.008885946513295053 0.003614053486704804 0.006
0.01012359249503232 0.005224248242814816 0.003
0.008885946513295053 0.003614053486704804 0.003
0.009529490618790399 0.00574906030351852 0.006
0.009529490618790399 0.00574906030351852 0.003
0.009608757210636042 0.002891242789363843 0.009000000000000001
0.01012359249503232 0.005224248242814816 0.009000000000000001
0.008885946513295053 0.003614053486704804 0.009000000000000001
0.009529490618790399 0.00574906030351852 0.009000000000000003
0.004942746303734067 0.001861572220571343 0.003
0.007275751757185055 0.002376407504967593 0.006
0.004615932879667582 0.002326965275714178 0.006
0.007275751757185055 0.002376407504967593 0.003
0.004615932879667582 0.002326965275714177 0.003
0.006750939696481316 0.002970509381209491 0.006
0.006750939696481317 0.002970509381209491 0.003
0.004942746303734067 0.001861572220571343 0.009000000000000001
0.007275751757185055 0.002376407504967593 0.009000000000000001
0.004615932879667582 0.002326965275714177 0.009000000000000001
0.006750939696481318 0.002970509381209491 0.009000000000000003
0.002471373151867034 0.001680786110285672 0.006
0.002471373151867034 0.001680786110285671 0.003
0.002307966439833791 0.00210098263785709 0.006
0.002307966439833792 0.002100982637857089 0.003
0.002471373151867034 0.001680786110285671 0.009000000000000001
0.002307966439833791 0.002100982637857089 0.009000000000000003
0.0115692138897143 0.006903626848132897 0.003
0.01165960694485715 0.009701813424066449 0.006
0.01110382083457145 0.007230440272199342 0.006
0.01165960694485715 0.009701813424066449 0.003
0.01110382083457145 0.007230440272199342 0.003
0.01123941041728572 0.009865220136099671 0.006
0.01123941041728573 0.009865220136099674 0.003
0.0115692138897143 0.006903626848132897 0.009000000000000001
0.01165960694485715 0.009701813424066449 0.009000000000000001
0.01110382083457145 0.007230440272199342 0.009000000000000001
0.01123941041728573 0.009865220136099674 0.009000000000000003
0.01105437860531802 0.001445621394681922 0.003
0.01131179624751616 0.004174624121407409 0.006
0.01033156790797703 0.002168432092022883 0.006
0.01131179624751616 0.004174624121407409 0.003
0.01033156790797703 0.002168432092022883 0.003
0.01071769437127424 0.004699436182111112 0.006
0.01071769437127424 0.004699436182111112 0.003
0.01105437860531802 0.001445621394681922 0.009000000000000001
0.01131179624751616 0.004174624121407409 0.009000000000000001
0.01033156790797703 0.002168432092022883 0.009000000000000001
0.01071769437127424 0.004699436182111112 0.009000000000000003
0.005596373151867035 0.0009307861102856715 0.003
0.008325375878592528 0.001188203752483797 0.006
0.005269559727800551 0.001396179165428507 0.006
0.008325375878592528 0.001188203752483796 0.003
0.005269559727800551 0.001396179165428507 0.003
0.007800563817888791 0.001782305628725695 0.006
0.00780056381788879 0.001782305628725695 0.003
0.005596373151867035 0.0009307861102856715 0.009000000000000001
0.008325375878592528 0.001188203752483796 0.009000000000000001
0.005269559727800551 0.001396179165428507 0.009000000000000001
0.00780056381788879 0.001782305628725695 0.009000000000000003
0.002798186575933518 0.0008403930551428358 0.006
0.002798186575933518 0.0008403930551428359 0.003
0.002634779863900275 0.001260589582714254 0.006
0.002634779863900275 0.001260589582714253 0.003
0.002798186575933518 0.0008403930551428359 0.009000000000000001
0.002634779863900275 0.001260589582714253 0.009000000000000003
0.01203460694485715 0.006576813424066451 0.006
0.01203460694485715 0.006576813424066451 0.003
0.01207980347242857 0.009538406712033225 0.006
0.01207980347242857 0.009538406712033229 0.003
0.01203460694485715 0.006576813424066451 0.009000000000000001
0.01207980347242857 0.009538406712033227 0.009000000000000003
0.01177718930265901 0.000722810697340961 0.006
0.01177718930265901 0.000722810697340961 0.003
0.01190589812375808 0.003649812060703706 0.006
0.01190589812375807 0.003649812060703706 0.003
0.01177718930265901 0.000722810697340961 0.009000000000000001
0.01190589812375807 0.003649812060703706 0.009000000000000003
0.00592318657593352 0.0004653930551428358 0.006
0.00592318657593352 0.000465393055142836 0.003
0.008850187939296265 0.0005941018762418984 0.006
0.008850187939296268 0.0005941018762418982 0.003
0.00592318657593352 0.000465393055142836 0.009000000000000001
0.008850187939296268 0.0005941018762418982 0.009000000000000003
0.00296159328796676 0.0004201965275714179 0.006
0.00296159328796676 0.0004201965275714182 0.003
0.00296159328796676 0.0004201965275714181 0.009000000000000003
3 13 0 147
4067
4068
4069
4070
4071
4072
4073
4074
4075
4076
4077
4078
4079
4080
4081
4082
4083
4084
4085
4086
4087
4088
4089
4090
4091
4092
4093
4094
4095
4096
4097
4098
4099
4100
4101
4102
4103
4104
4105
4106
4107
4108
4109
4110
4111
4112
4113
4114
4115
4116
4117
4118
4119
4120
4121
4122
4123
4124
4125
4126
4127
4128
4129
4130
4131
4132
4133
4134
4135
4136
4137
4138
4139
4140
4141
4142
4143
4144
4145
4146
4147
4148
4149
4150
4151
4152
4153
4154
4155
4156
4157
4158
4159
4160
4161
4162
4163
4164
4165
4166
4167
4168
4169
4170
4171
4172
4173
4174
4175
4176
4177
4178
4179
4180
4181
4182
4183
4184
4185
4186
4187
4188
4189
4190
4191
4192
4193
4194
4195
4196
4197
4198
4199
4200
4201
4202
4203
4204
4205
4206
4207
4208
4209
4210
4211
4212
4213
0.00344415089128564 0.004185084207398351 0.006
0.006363961030678838 0.006136038969320985 0.006
0.008314915792601555 0.009055849108714133 0.006
0.003252809175103151 0.004647023973654019 0.006
0.006010407640085591 0.006489592359914285 0.006
0.007852976026345918 0.009247190824896695 0.006
0.003061467458920664 0.005108963739909685 0.006
0.005656854249492344 0.006843145750507585 0.006
0.007391036260090283 0.009438532541079256 0.006
0.00344415089128564 0.004185084207398351 0.003
0.00172207544564282 0.003842542103699176 0.006
0.003539821749376885 0.003954114324270517 0.006
0.00172207544564282 0.003842542103699176 0.003
0.003539821749376885 0.003954114324270517 0.003
0.00178771675239796 0.003512540969934216 0.006
0.00178771675239792 0.003512540969934216 0.003
0.00344415089128564 0.004185084207398351 0.009000000000000001
0.00172207544564282 0.003842542103699176 0.009000000000000001
0.003539821749376885 0.003954114324270517 0.009000000000000001
0.001787716752397961 0.003512540969934216 0.009000000000000003
0.006363961030678838 0.006136038969320985 0.003
0.004904055960982239 0.005160561588359668 0.006
0.006540737725975462 0.005959262274024335 0.006
0.004904055960982239 0.005160561588359668 0.003
0.006540737725975462 0.005959262274024335 0.003
0.005090986587334144 0.004880800135742687 0.006
0.005090986587334146 0.004880800135742688 0.003
0.006363961030678838 0.006136038969320985 0.009000000000000001
0.004904055960982239 0.005160561588359668 0.009000000000000001
0.006540737725975462 0.005959262274024335 0.009000000000000001
0.005090986587334147 0.004880800135742691 0.009000000000000003
0.008314915792601555 0.009055849108714133 0.003
0.007339438411640196 0.007595944039017559 0.006
0.008545885675729373 0.008960178250622852 0.006
0.007339438411640196 0.007595944039017559 0.003
0.008545885675729373 0.008960178250622852 0.003
0.007619199864257152 0.007409013412665618 0.006
0.007619199864257154 0.007409013412665618 0.003
0.008314915792601555 0.009055849108714133 0.009000000000000001
0.007339438411640196 0.007595944039017559 0.009000000000000001
0.008545885675729373 0.008960178250622852 0.009000000000000001
0.007619199864257154 0.00740901341266562 0.009000000000000003
0.008657457896300777 0.01077792455435707 0.006
0.008657457896300777 0.01077792455435707 0.003
0.008987459030065727 0.0107122832476019 0.006
0.008987459030065727 0.0107122832476019 0.003
0.008657457896300777 0.01077792455435707 0.009000000000000001
0.008987459030065727 0.0107122832476019 0.009000000000000003
0.003252809175103151 0.004647023973654019 0.003
0.001626404587551576 0.004323511986827009 0.006
0.003348480033194396 0.004416054090526185 0.006
0.001626404587551576 0.004323511986827009 0.003
0.003348480033194396 0.004416054090526185 0.003
0.001674240016597198 0.004083027045263092 0.006
0.001674240016597198 0.004083027045263091 0.003
0.003252809175103151 0.004647023973654019 0.009000000000000001
0.001626404587551576 0.004323511986827009 0.009000000000000001
0.003348480033194396 0.004416054090526185 0.009000000000000001
0.001674240016597198 0.004083027045263091 0.009000000000000003
0.006010407640085591 0.006489592359914285 0.003
0.004631608407594371 0.005568308166784152 0.006
0.006187184335382215 0.006312815664617635 0.006
0.004631608407594371 0.005568308166784152 0.003
0.006187184335382214 0.006312815664617635 0.003
0.004767832184288305 0.00536443487757191 0.006
0.004767832184288306 0.005364434877571909 0.003
0.006010407640085591 0.006489592359914285 0.009000000000000001
0.004631608407594371 0.005568308166784152 0.009000000000000001
0.006187184335382215 0.006312815664617635 0.009000000000000001
0.004767832184288306 0.005364434877571909 0.009000000000000003
0.007852976026345918 0.009247190824896695 0.003
0.006931691833215754 0.00786839159240549 0.006
0.008083945909473736 0.009151519966805414 0.006
0.006931691833215755 0.00786839159240549 0.003
0.008083945909473736 0.009151519966805414 0.003
0.007135565122427976 0.007732167815711524 0.006
0.007135565122427974 0.007732167815711524 0.003
0.007852976026345918 0.009247190824896695 0.009000000000000001
0.006931691833215755 0.00786839159240549 0.009000000000000001
0.008083945909473736 0.009151519966805414 0.009000000000000001
0.007135565122427975 0.007732167815711524 0.009000000000000003
0.008176488013172958 0.01087359541244835 0.006
0.008176488013172958 0.01087359541244835 0.003
0.008416972954736868 0.01082575998340271 0.006
0.008416972954736868 0.01082575998340271 0.003
0.008176488013172958 0.01087359541244835 0.009000000000000001
0.008416972954736868 0.01082575998340271 0.009000000000000003
0.003061467458920664 0.005108963739909685 0.003
0.001530733729460332 0.004804481869954844 0.006
0.003157138317011907 0.004877993856781852 0.006
0.001530733729460332 0.004804481869954844 0.003
0.003157138317011907 0.004877993856781852 0.003
0.001578569158505954 0.004563996928390926 0.006
0.001578569158505954 0.004563996928390927 0.003
0.003061467458920664 0.005108963739909685 0.009000000000000001
0.001530733729460332 0.004804481869954844 0.009000000000000001
0.003157138317011907 0.004877993856781852 0.009000000000000001
0.001578569158505954 0.004563996928390927 0.009000000000000003
0.005656854249492344 0.006843145750507585 0.003
0.004359160854206503 0.005976054745208635 0.006
0.005833630944788967 0.006666369055210935 0.006
0.004359160854206503 0.005976054745208635 0.003
0.005833630944788967 0.006666369055210935 0.003
0.004495384630900437 0.005772181455996393 0.006
0.004495384630900436 0.005772181455996395 0.003
0.005656854249492344 0.006843145750507585 0.009000000000000001
0.004359160854206503 0.005976054745208635 0.009000000000000001
0.005833630944788967 0.006666369055210935 0.009000000000000001
0.004495384630900437 0.005772181455996395 0.009000000000000003
0.007391036260090283 0.009438532541079256 0.003
0.006523945254791313 0.008140839145793419 0.006
0.0076220061432181 0.009342861682987976 0.006
0.006523945254791313 0.008140839145793419 0.003
0.007622006143218101 0.009342861682987974 0.003
0.006727818544003534 0.008004615369099456 0.006
0.006727818544003533 0.008004615369099454 0.003
0.007391036260090283 0.009438532541079256 0.009000000000000001
0.006523945254791313 0.008140839145793419 0.009000000000000001
0.007622006143218101 0.009342861682987976 0.009000000000000001
0.006727818544003533 0.008004615369099456 0.009000000000000003
0.007695518130045141 0.01096926627053963 0.006
0.007695518130045141 0.01096926627053963 0.003
0.007936003071609049 0.01092143084149399 0.006
0.007936003071609051 0.01092143084149399 0.003
0.007695518130045141 0.01096926627053963 0.009000000000000001
0.007936003071609053 0.01092143084149398 0.009000000000000003
0.002965796600829419 0.005339933623037518 0.006
0.002965796600829419 0.005339933623037519 0.003
0.001496955572290647 0.004974296133465308 0.006
0.001496955572290648 0.00497429613346531 0.003
0.002965796600829419 0.005339933623037519 0.009000000000000001
0.001496955572290647 0.00497429613346531 0.009000000000000003
0.00548007755419572 0.007019922445804235 0.006
0.00548007755419572 0.007019922445804235 0.003
0.004262968800926756 0.00612001632646977 0.006
0.004262968800926757 0.006120016326469774 0.003
0.00548007755419572 0.007019922445804235 0.009000000000000001
0.004262968800926757 0.00612001632646977 0.009000000000000003
0.007160066376962464 0.009534203399170535 0.006
0.007160066376962464 0.009534203399170535 0.003
0.006379983673530197 0.008237031199073196 0.006
0.006379983673530197 0.008237031199073194 0.003
0.007160066376962464 0.009534203399170535 0.009000000000000001
0.006379983673530197 0.008237031199073196 0.009000000000000003
0.007525703866534684 0.01100304442770933 0.006
0.007525703866534685 0.01100304442770933 0.003
0.007525703866534689 0.01100304442770933 0.009000000000000003
3 14 0 147
4214
4215
4216
4217
4218
4219
4220
4221
4222
4223
4224
4225
4226
4227
4228
4229
4230
4231
4232
4233
4234
4235
4236
4237
4238
4239
4240
4241
4242
4243
4244
4245
4246
4247
4248
4249
4250
4251
4252
4253
4254
4255
4256
4257
4258
4259
4260
4261
4262
4263
4264
4265
4266
4267
4268
4269
4270
4271
4272
4273
4274
4275
4276
4277
4278
4279
4280
4281
4282
4283
4284
4285
4286
4287
4288
4289
4290
4291
4292
4293
4294
4295
4296
4297
4298
4299
4300
4301
4302
4303
4304
4305
4306
4307
4308
4309
4310
4311
4312
4313
4314
4315
4316
4317
4318
4319
4320
4321
4322
4323
4324
4325
4326
4327
4328
4329
4330
4331
4332
4333
4334
4335
4336
4337
4338
4339
4340
4341
4342
4343
4344
4345
4346
4347
4348
4349
4350
4351
4352
4353
4354
4355
4356
4357
4358
4359
4360
0.002726619455601233 0.00591735833085707 0.006
0.005038135815954126 0.007461864184045826 0.006
0.00658264166914291 0.009773380544398715 0.006
0.002583113168464294 0.006263813155548789 0.006
0.004772970773009158 0.007727029226990768 0.006
0.006236186844451174 0.009916886831535618 0.006
0.002439606881327354 0.006610267980240508 0.006
0.004507805730064188 0.007992194269935709 0.006
0.005889732019759438 0.01006039311867252 0.006
0.002726619455601233 0.00591735833085707 0.003
0.001363309727800617 0.005646179165428535 0.006
0.002798372599169704 0.005744130918511211 0.006
0.001363309727800617 0.005646179165428535 0.003
0.002798372599169705 0.005744130918511211 0.003
0.00141324357146079 0.005395144781202154 0.006
0.001413243571460792 0.005395144781202151 0.003
0.002726619455601233 0.00591735833085707 0.009000000000000001
0.001363309727800617 0.005646179165428535 0.009000000000000001
0.002798372599169705 0.005744130918511211 0.009000000000000001
0.00141324357146079 0.005395144781202151 0.009000000000000003
0.005038135815954126 0.007461864184045826 0.003
0.00388237763577768 0.006689611257451448 0.006
0.00517071833742661 0.007329281662573356 0.006
0.00388237763577768 0.006689611257451448 0.003
0.005170718337426611 0.007329281662573356 0.003
0.004024577191712344 0.006476794582591176 0.006
0.004024577191712345 0.006476794582591175 0.003
0.005038135815954126 0.007461864184045826 0.009000000000000001
0.00388237763577768 0.006689611257451448 0.009000000000000001
0.00517071833742661 0.007329281662573356 0.009000000000000001
0.004024577191712345 0.006476794582591177 0.009000000000000003
0.00658264166914291 0.009773380544398715 0.003
0.005810388742548518 0.008617622364222271 0.006
0.006755869081488778 0.009701627400830266 0.006
0.005810388742548519 0.008617622364222271 0.003
0.006755869081488778 0.009701627400830266 0.003
0.006023205417408799 0.008475422808287622 0.006
0.006023205417408797 0.008475422808287619 0.003
0.00658264166914291 0.009773380544398715 0.009000000000000001
0.005810388742548519 0.008617622364222271 0.009000000000000001
0.006755869081488778 0.009701627400830266 0.009000000000000001
0.006023205417408797 0.008475422808287617 0.009000000000000003
0.006853820834571455 0.01113669027219936 0.006
0.006853820834571455 0.01113669027219936 0.003
0.007104855218797839 0.01108675642853919 0.006
0.007104855218797839 0.01108675642853919 0.003
0.006853820834571455 0.01113669027219936 0.009000000000000001
0.007104855218797839 0.0110867564285392 0.009000000000000003
0.002583113168464294 0.006263813155548789 0.003
0.001291556584232147 0.006006906577774395 0.006
0.002654866312032764 0.00609058574320293 0.006
0.001291556584232147 0.006006906577774395 0.003
0.002654866312032764 0.006090585743202931 0.003
0.001327433156016382 0.005826542871601465 0.006
0.001327433156016382 0.005826542871601465 0.003
0.002583113168464294 0.006263813155548789 0.009000000000000001
0.001291556584232147 0.006006906577774395 0.009000000000000001
0.002654866312032764 0.006090585743202931 0.009000000000000001
0.001327433156016382 0.005826542871601465 0.009000000000000003
0.004772970773009158 0.007727029226990768 0.003
0.003678041970736726 0.006995421191269779 0.006
0.004905553294481642 0.007594446705518297 0.006
0.003678041970736726 0.006995421191269778 0.003
0.004905553294481642 0.007594446705518297 0.003
0.003780209803257203 0.006842516224360613 0.006
0.003780209803257203 0.006842516224360613 0.003
0.004772970773009158 0.007727029226990768 0.009000000000000001
0.003678041970736726 0.006995421191269778 0.009000000000000001
0.004905553294481642 0.007594446705518297 0.009000000000000001
0.003780209803257203 0.006842516224360613 0.009000000000000003
0.006236186844451174 0.009916886831535618 0.003
0.005504578808730166 0.008821958029263194 0.006
0.006409414256797042 0.009845133687967167 0.006
0.005504578808730166 0.008821958029263194 0.003
0.006409414256797042 0.009845133687967167 0.003
0.005657483775639342 0.008719790196742733 0.006
0.005657483775639344 0.008719790196742735 0.003
0.006236186844451174 0.009916886831535618 0.009000000000000001
0.005504578808730166 0.008821958029263194 0.009000000000000001
0.006409414256797042 0.009845133687967167 0.009000000000000001
0.005657483775639344 0.008719790196742733 0.009000000000000003
0.006493093422225587 0.01120844341576781 0.006
0.006493093422225587 0.01120844341576781 0.003
0.006673457128398521 0.01117256684398358 0.006
0.006673457128398522 0.01117256684398359 0.003
0.006493093422225587 0.01120844341576781 0.009000000000000001
0.006673457128398522 0.01117256684398359 0.009000000000000003
0.002439606881327354 0.006610267980240508 0.003
0.001219803440663677 0.006367633990120254 0.006
0.002511360024895824 0.006437040567894649 0.006
0.001219803440663677 0.006367633990120254 0.003
0.002511360024895824 0.006437040567894649 0.003
0.001255680012447912 0.006187270283947324 0.006
0.001255680012447912 0.006187270283947324 0.003
0.002439606881327354 0.006610267980240508 0.009000000000000001
0.001219803440663677 0.006367633990120254 0.009000000000000001
0.002511360024895824 0.006437040567894649 0.009000000000000001
0.001255680012447912 0.006187270283947323 0.009000000000000003
0.004507805730064188 0.007992194269935709 0.003
0.003473706305695771 0.007301231125088108 0.006
0.004640388251536673 0.007859611748463238 0.006
0.003473706305695772 0.007301231125088108 0.003
0.004640388251536673 0.007859611748463238 0.003
0.003575874138216248 0.007148326158178943 0.006
0.003575874138216248 0.007148326158178943 0.003
0.004507805730064188 0.007992194269935709 0.009000000000000001
0.003473706305695771 0.007301231125088108 0.009000000000000001
0.004640388251536673 0.007859611748463238 0.009000000000000001
0.003575874138216248 0.007148326158178944 0.009000000000000003
0.005889732019759438 0.01006039311867252 0.003
0.005198768874911813 0.009026293694304112 0.006
0.006062959432105306 0.009988639975104067 0.006
0.005198768874911813 0.009026293694304112 0.003
0.006062959432105306 0.009988639975104067 0.003
0.005351673841820989 0.008924125861783653 0.006
0.005351673841820989 0.008924125861783653 0.003
0.005889732019759438 0.01006039311867252 0.009000000000000001
0.005198768874911813 0.009026293694304112 0.009000000000000001
0.006062959432105306 0.009988639975104067 0.009000000000000001
0.005351673841820989 0.008924125861783653 0.009000000000000003
0.006132366009879719 0.01128019655933626 0.006
0.006132366009879719 0.01128019655933626 0.003
0.006312729716052653 0.01124431998755204 0.006
0.006312729716052656 0.01124431998755204 0.003
0.006132366009879719 0.01128019655933626 0.009000000000000001
0.006312729716052656 0.01124431998755204 0.009000000000000003
0.002367853737758883 0.006783495392586368 0.006
0.002367853737758884 0.006783495392586368 0.003
0.001195172686380189 0.006491461153850421 0.006
0.001195172686380165 0.006491461153850422 0.003
0.002367853737758884 0.006783495392586368 0.009000000000000001
0.001195172686380189 0.006491461153850422 0.009000000000000003
0.004375223208591704 0.008124776791408179 0.006
0.004375223208591705 0.008124776791408179 0.003
0.003403563851906644 0.007406206725636388 0.006
0.003403563851906644 0.007406206725636387 0.003
0.004375223208591704 0.008124776791408179 0.009000000000000001
0.003403563851906645 0.007406206725636388 0.009000000000000003
0.00571650460741357 0.01013214626224097 0.006
0.00571650460741357 0.01013214626224097 0.003
0.005093793274363522 0.009096436148093221 0.006
0.005093793274363524 0.009096436148093225 0.003
0.00571650460741357 0.01013214626224097 0.009000000000000001
0.005093793274363522 0.009096436148093225 0.009000000000000003
0.006008538846149549 0.01130482731361973 0.006
0.006008538846149548 0.01130482731361973 0.003
0.006008538846149548 0.01130482731361973 0.009000000000000003
$EndNodes
$Elements
20 456 1 456
2 36 10 4
1 4 60 1214 275 61 1215 1216 276 1217 
2 275 1214 288 26 1216 1218 289 277 1219 
3 60 5 285 1214 62 286 1220 1215 1221 
4 1214 285 27 288 1220 287 290 1218 1222 
2 41 10 4
5 6 77 1295 304 78 1296 1297 305 1298 
6 304 1295 314 29 1297 1299 315 306 1300 
7 77 4 275 1295 79 276 1301 1296 1302 
8 1295 275 26 314 1301 277 316 1299 1303 
2 54 10 8
9 14 386 1588 135 387 1591 1592 138 1593 
10 386 37 399 1588 388 402 1594 1591 1595 
11 135 1588 1589 136 1592 1596 1597 139 1598 
12 1588 399 400 1589 1594 403 1599 1596 1600 
13 136 1589 1590 137 1597 1601 1602 140 1603 
14 1589 400 401 1590 1599 404 1604 1601 1605 
15 137 1590 396 15 1602 1606 397 141 1607 
16 1590 401 38 396 1604 405 398 1606 1608 
2 59 10 8
17 17 423 1721 163 424 1724 1725 166 1726 
18 423 40 433 1721 425 436 1727 1724 1728 
19 163 1721 1722 164 1725 1729 1730 167 1731 
20 1721 433 434 1722 1727 437 1732 1729 1733 
21 164 1722 1723 165 1730 1734 1735 168 1736 
22 1722 434 435 1723 1732 438 1737 1734 1738 
23 165 1723 386 14 1735 1739 387 169 1740 
24 1723 435 37 386 1737 439 388 1739 1741 
2 67 10 8
25 19 467 1961 194 468 1964 1965 197 1966 
26 467 42 470 1961 469 473 1967 1964 1968 
27 194 1961 1962 195 1965 1969 1970 198 1971 
28 1961 470 471 1962 1967 474 1972 1969 1973 
29 195 1962 1963 196 1970 1974 1975 199 1976 
30 1962 471 472 1963 1972 475 1977 1974 1978 
31 196 1963 423 17 1975 1979 424 200 1980 
32 1963 472 40 423 1977 476 425 1979 1981 
2 83 10 8
33 15 396 2401 259 397 2404 2405 262 2406 
34 396 38 547 2401 398 550 2407 2404 2408 
35 259 2401 2402 260 2405 2409 2410 263 2411 
36 2401 547 548 2402 2407 551 2412 2409 2413 
37 260 2402 2403 261 2410 2414 2415 264 2416 
38 2402 548 549 2403 2412 552 2417 2414 2418 
39 261 2403 467 19 2415 2419 468 265 2420 
40 2403 549 42 467 2417 553 469 2419 2421 
3 1 12 16
41 554 47 1 53 2471 1184 266 1193 558 557 2474 48 1186 56 267 1196 2475 2476 1185 1197 559 2477 2478 1187 1198 2479 2480 
42 2471 1184 266 1193 1244 272 24 278 2475 2476 2481 1185 1188 1197 268 1199 1248 1247 273 281 2479 2482 2483 1189 1200 1249 2484 
43 555 554 53 54 2472 2471 1193 1194 561 560 2485 557 2474 57 1196 1201 2486 2487 2476 1202 562 2488 2489 2478 1203 2490 2491 
44 2472 2471 1193 1194 1245 1244 278 279 2486 2487 2492 2476 2481 1202 1199 1204 1251 1250 1247 282 2490 2493 2494 2483 1205 1252 2495 
45 556 555 54 55 2473 2472 1194 1195 564 563 2496 560 2485 58 1201 1206 2497 2498 2487 1207 565 2499 2500 2489 1208 2501 2502 
46 2473 2472 1194 1195 1246 1245 279 280 2497 2498 2503 2487 2492 1207 1204 1209 1254 1253 1250 283 2501 2504 2505 2494 1210 1255 2506 
47 60 556 55 4 1214 2473 1195 275 566 61 1215 563 2496 59 1206 276 2507 1216 2498 1211 567 2508 1217 2500 1212 2509 2510 
48 1214 2473 1195 275 288 1246 280 26 2507 1216 1218 2498 2503 1211 1209 277 1256 289 1253 284 2509 2511 1219 2505 1213 1257 2512 
49 65 2 47 554 1225 269 1184 2471 69 568 1236 49 270 558 1186 2474 1241 2513 1190 2475 569 1242 2514 1191 2477 2515 2516 
50 1225 269 1184 2471 293 25 272 1244 1241 2513 1239 1190 271 2475 1188 2481 297 1258 274 1248 2515 1243 2517 1192 2482 1259 2518 
51 64 65 554 555 1224 1225 2471 2472 68 570 1231 568 1236 561 2474 2485 1237 2519 2513 2486 571 1238 2520 2514 2488 2521 2522 
52 1224 1225 2471 2472 292 293 1244 1245 1237 2519 1234 2513 1239 2486 2481 2492 296 1260 1258 1251 2521 1240 2523 2517 2493 1261 2524 
53 63 64 555 556 1223 1224 2472 2473 67 572 1226 570 1231 564 2485 2496 1232 2525 2519 2497 573 1233 2526 2520 2499 2527 2528 
54 1223 1224 2472 2473 291 292 1245 1246 1232 2525 1229 2519 1234 2497 2492 2503 295 1262 1260 1254 2527 1235 2529 2523 2504 1263 2530 
55 5 63 556 60 285 1223 2473 1214 66 62 286 572 1226 566 2496 1215 1227 1220 2525 2507 574 1228 1221 2526 2508 2531 2532 
56 285 1223 2473 1214 27 291 1246 288 1227 1220 287 2525 1229 2507 2503 1218 294 290 1262 1256 2531 1230 1222 2529 2511 1264 2533 
3 2 12 16
57 575 50 3 70 2534 1265 298 1274 579 578 2537 51 1267 73 299 1277 2538 2539 1266 1278 580 2540 2541 1268 1279 2542 2543 
58 2534 1265 298 1274 1304 301 28 307 2538 2539 2544 1266 1269 1278 300 1280 1308 1307 302 310 2542 2545 2546 1270 1281 1309 2547 
59 576 575 70 71 2535 2534 1274 1275 582 581 2548 578 2537 74 1277 1282 2549 2550 2539 1283 583 2551 2552 2541 1284 2553 2554 
60 2535 2534 1274 1275 1305 1304 307 308 2549 2550 2555 2539 2544 1283 1280 1285 1311 1310 1307 311 2553 2556 2557 2546 1286 1312 2558 
61 577 576 71 72 2536 2535 1275 1276 585 584 2559 581 2548 75 1282 1287 2560 2561 2550 1288 586 2562 2563 2552 1289 2564 2565 
62 2536 2535 1275 1276 1306 1305 308 309 2560 2561 2566 2550 2555 1288 1285 1290 1314 1313 1310 312 2564 2567 2568 2557 1291 1315 2569 
63 77 577 72 6 1295 2536 1276 304 587 78 1296 584 2559 76 1287 305 2570 1297 2561 1292 588 2571 1298 2563 1293 2572 2573 
64 1295 2536 1276 304 314 1306 309 29 2570 1297 1299 2561 2566 1292 1290 306 1316 315 1313 313 2572 2574 1300 2568 1294 1317 2575 
65 53 1 50 575 1193 266 1265 2534 56 589 1196 52 267 579 1267 2537 1197 2576 1271 2538 590 1198 2577 1272 2540 2578 2579 
66 1193 266 1265 2534 278 24 301 1304 1197 2576 1199 1271 268 2538 1269 2544 281 1318 303 1308 2578 1200 2580 1273 2545 1319 2581 
67 54 53 575 576 1194 1193 2534 2535 57 591 1201 589 1196 582 2537 2548 1202 2582 2576 2549 592 1203 2583 2577 2551 2584 2585 
68 1194 1193 2534 2535 279 278 1304 1305 1202 2582 1204 2576 1199 2549 2544 2555 282 1320 1318 1311 2584 1205 2586 2580 2556 1321 2587 
69 55 54 576 577 1195 1194 2535 2536 58 593 1206 591 1201 585 2548 2559 1207 2588 2582 2560 594 1208 2589 2583 2562 2590 2591 
70 1195 1194 2535 2536 280 279 1305 1306 1207 2588 1209 2582 1204 2560 2555 2566 283 1322 1320 1314 2590 1210 2592 2586 2567 1323 2593 
71 4 55 577 77 275 1195 2536 1295 59 79 276 593 1206 587 2559 1296 1211 1301 2588 2570 595 1212 1302 2589 2571 2594 2595 
72 275 1195 2536 1295 26 280 1306 314 1211 1301 277 2588 1209 2570 2566 1299 284 316 1322 1316 2594 1213 1303 2592 2574 1324 2596 
3 3 12 32
73 596 90 9 83 2597 1355 326 1334 606 605 2606 93 1359 86 327 1337 2607 2608 1358 1338 607 2609 2610 1360 1339 2611 2612 
74 2597 1355 326 1334 1406 339 32 329 2607 2608 2613 1358 1361 1338 328 1340 1416 1415 342 332 2611 2614 2615 1362 1341 1417 2616 
75 597 596 83 84 2598 2597 1334 1335 609 608 2617 605 2606 87 1337 1342 2618 2619 2608 1343 610 2620 2621 2610 1344 2622 2623 
76 2598 2597 1334 1335 1407 1406 329 330 2618 2619 2624 2608 2613 1343 1340 1345 1419 1418 1415 333 2622 2625 2626 2615 1346 1420 2627 
77 598 597 84 85 2599 2598 1335 1336 612 611 2628 608 2617 88 1342 1347 2629 2630 2619 1348 613 2631 2632 2621 1349 2633 2634 
78 2599 2598 1335 1336 1408 1407 330 331 2629 2630 2635 2619 2624 1348 1345 1350 1422 1421 1418 334 2633 2636 2637 2626 1351 1423 2638 
79 80 598 85 7 1325 2599 1336 317 614 81 1326 611 2628 89 1347 318 2639 1327 2630 1352 615 2640 1328 2632 1353 2641 2642 
80 1325 2599 1336 317 323 1408 331 30 2639 1327 1329 2630 2635 1352 1350 319 1424 324 1421 335 2641 2643 1330 2637 1354 1425 2644 
81 599 91 90 596 2600 1356 1355 2597 617 616 2645 94 1364 606 1359 2606 2646 2647 1363 2607 618 2648 2649 1365 2609 2650 2651 
82 2600 1356 1355 2597 1409 340 339 1406 2646 2647 2652 1363 1366 2607 1361 2613 1427 1426 343 1416 2650 2653 2654 1367 2614 1428 2655 
83 600 599 596 597 2601 2600 2597 2598 620 619 2656 616 2645 609 2606 2617 2657 2658 2647 2618 621 2659 2660 2649 2620 2661 2662 
84 2601 2600 2597 2598 1410 1409 1406 1407 2657 2658 2663 2647 2652 2618 2613 2624 1430 1429 1426 1419 2661 2664 2665 2654 2625 1431 2666 
85 601 600 597 598 2602 2601 2598 2599 623 622 2667 619 2656 612 2617 2628 2668 2669 2658 2629 624 2670 2671 2660 2631 2672 2673 
86 2602 2601 2598 2599 1411 1410 1407 1408 2668 2669 2674 2658 2663 2629 2624 2635 1433 1432 1429 1422 2672 2675 2676 2665 2636 1434 2677 
87 8 601 598 80 320 2602 2599 1325 625 82 321 622 2667 614 2628 1326 2678 1331 2669 2639 626 2679 1332 2671 2640 2680 2681 
88 320 2602 2599 1325 31 1411 1408 323 2678 1331 322 2669 2674 2639 2635 1329 1435 325 1432 1424 2680 2682 1333 2676 2643 1436 2683 
89 602 92 91 599 2603 1357 1356 2600 628 627 2684 95 1369 617 1364 2645 2685 2686 1368 2646 629 2687 2688 1370 2648 2689 2690 
90 2603 1357 1356 2600 1412 341 340 1409 2685 2686 2691 1368 1371 2646 1366 2652 1438 1437 344 1427 2689 2692 2693 1372 2653 1439 2694 
91 603 602 599 600 2604 2603 2600 2601 631 630 2695 627 2684 620 2645 2656 2696 2697 2686 2657 632 2698 2699 2688 2659 2700 2701 
92 2604 2603 2600 2601 1413 1412 1409 1410 2696 2697 2702 2686 2691 2657 2652 2663 1441 1440 1437 1430 2700 2703 2704 2693 2664 1442 2705 
93 604 603 600 601 2605 2604 2601 2602 634 633 2706 630 2695 623 2656 2667 2707 2708 2697 2668 635 2709 2710 2699 2670 2711 2712 
94 2605 2604 2601 2602 1414 1413 1410 1411 2707 2708 2713 2697 2702 2668 2663 2674 1444 1443 1440 1433 2711 2714 2715 2704 2675 1445 2716 
95 104 604 601 8 1397 2605 2602 320 636 105 1398 633 2706 625 2667 321 2717 1399 2708 2678 637 2718 1400 2710 2679 2719 2720 
96 1397 2605 2602 320 356 1414 1411 31 2717 1399 1401 2708 2713 2678 2674 322 1446 357 1443 1435 2719 2721 1402 2715 2682 1447 2722 
97 99 10 92 602 1378 336 1357 2603 103 638 1389 96 337 628 1369 2684 1394 2723 1373 2685 639 1395 2724 1374 2687 2725 2726 
98 1378 336 1357 2603 351 33 341 1412 1394 2723 1392 1373 338 2685 1371 2691 355 1448 345 1438 2725 1396 2727 1375 2692 1449 2728 
99 98 99 602 603 1377 1378 2603 2604 102 640 1384 638 1389 631 2684 2695 1390 2729 2723 2696 641 1391 2730 2724 2698 2731 2732 
100 1377 1378 2603 2604 350 351 1412 1413 1390 2729 1387 2723 1392 2696 2691 2702 354 1450 1448 1441 2731 1393 2733 2727 2703 1451 2734 
101 97 98 603 604 1376 1377 2604 2605 101 642 1379 640 1384 634 2695 2706 1385 2735 2729 2707 643 1386 2736 2730 2709 2737 2738 
102 1376 1377 2604 2605 349 350 1413 1414 1385 2735 1382 2729 1387 2707 2702 2713 353 1452 1450 1444 2737 1388 2739 2733 2714 1453 2740 
103 11 97 604 104 346 1376 2605 1397 100 106 347 642 1379 636 2706 1398 1380 1403 2735 2717 644 1381 1404 2736 2718 2741 2742 
104 346 1376 2605 1397 34 349 1414 356 1380 1403 348 2735 1382 2717 2713 1401 352 358 1452 1446 2741 1383 1405 2739 2721 1454 2743 
3 4 12 32
105 9 90 645 109 326 1355 2744 1457 93 113 327 654 1359 655 2753 1468 1358 1473 2754 2755 656 1360 1474 2756 2757 2758 2759 
106 326 1355 2744 1457 32 339 1518 364 1358 1473 328 2754 1361 2755 2760 1471 342 368 1527 1528 2758 1362 1475 2761 2762 1529 2763 
107 109 645 646 108 1457 2744 2745 1456 655 112 1468 657 2753 658 2764 1463 2755 1469 2765 2766 659 2757 1470 2767 2768 2769 2770 
108 1457 2744 2745 1456 364 1518 1519 363 2755 1469 1471 2765 2760 2766 2771 1466 1528 367 1530 1531 2769 2762 1472 2772 2773 1532 2774 
109 108 646 647 107 1456 2745 2746 1455 658 111 1463 660 2764 661 2775 1458 2766 1464 2776 2777 662 2768 1465 2778 2779 2780 2781 
110 1456 2745 2746 1455 363 1519 1520 362 2766 1464 1466 2776 2771 2777 2782 1461 1531 366 1533 1534 2780 2773 1467 2783 2784 1535 2785 
111 107 647 114 12 1455 2746 1476 359 661 110 1458 663 2775 117 1480 360 2777 1459 2786 1479 664 2779 1460 2787 1481 2788 2789 
112 1455 2746 1476 359 362 1520 372 35 2777 1459 1461 2786 2782 1479 1482 361 1534 365 1536 375 2788 2784 1462 2790 1483 1537 2791 
113 90 91 648 645 1355 1356 2747 2744 94 654 1359 665 1364 666 2792 2753 1363 2754 2793 2794 667 1365 2756 2795 2796 2797 2798 
114 1355 1356 2747 2744 339 340 1521 1518 1363 2754 1361 2793 1366 2794 2799 2760 343 1527 1538 1539 2797 1367 2761 2800 2801 1540 2802 
115 645 648 649 646 2744 2747 2748 2745 666 657 2753 668 2792 669 2803 2764 2794 2765 2804 2805 670 2796 2767 2806 2807 2808 2809 
116 2744 2747 2748 2745 1518 1521 1522 1519 2794 2765 2760 2804 2799 2805 2810 2771 1539 1530 1541 1542 2808 2801 2772 2811 2812 1543 2813 
117 646 649 650 647 2745 2748 2749 2746 669 660 2764 671 2803 672 2814 2775 2805 2776 2815 2816 673 2807 2778 2817 2818 2819 2820 
118 2745 2748 2749 2746 1519 1522 1523 1520 2805 2776 2771 2815 2810 2816 2821 2782 1542 1533 1544 1545 2819 2812 2783 2822 2823 1546 2824 
119 647 650 115 114 2746 2749 1477 1476 672 663 2775 674 2814 118 1485 1480 2816 2786 2825 1484 675 2818 2787 2826 1486 2827 2828 
120 2746 2749 1477 1476 1520 1523 373 372 2816 2786 2782 2825 2821 1484 1487 1482 1545 1536 1547 376 2827 2823 2790 2829 1488 1548 2830 
121 91 92 651 648 1356 1357 2750 2747 95 665 1364 676 1369 677 2831 2792 1368 2793 2832 2833 678 1370 2795 2834 2835 2836 2837 
122 1356 1357 2750 2747 340 341 1524 1521 1368 2793 1366 2832 1371 2833 2838 2799 344 1538 1549 1550 2836 1372 2800 2839 2840 1551 2841 
123 648 651 652 649 2747 2750 2751 2748 677 668 2792 679 2831 680 2842 2803 2833 2804 2843 2844 681 2835 2806 2845 2846 2847 2848 
124 2747 2750 2751 2748 1521 1524 1525 1522 2833 2804 2799 2843 2838 2844 2849 2810 1550 1541 1552 1553 2847 2840 2811 2850 2851 1554 2852 
125 649 652 653 650 2748 2751 2752 2749 680 671 2803 682 2842 683 2853 2814 2844 2815 2854 2855 684 2846 2817 2856 2857 2858 2859 
126 2748 2751 2752 2749 1522 1525 1526 1523 2844 2815 2810 2854 2849 2855 2860 2821 1553 1544 1555 1556 2858 2851 2822 2861 2862 1557 2863 
127 650 653 116 115 2749 2752 1478 1477 683 674 2814 685 2853 119 1490 1485 2855 2825 2864 1489 686 2857 2826 2865 1491 2866 2867 
128 2749 2752 1478 1477 1523 1526 374 373 2855 2825 2821 2864 2860 1489 1492 1487 1556 1547 1558 377 2866 2862 2829 2868 1493 1559 2869 
129 92 10 121 651 1357 336 1497 2750 96 676 1369 124 337 687 1500 2831 1373 2832 1501 2870 688 1374 2834 1502 2871 2872 2873 
130 1357 336 1497 2750 341 33 379 1524 1373 2832 1371 1501 338 2870 1503 2838 345 1549 382 1560 2872 1375 2839 1504 2874 1561 2875 
131 651 121 122 652 2750 1497 1498 2751 687 679 2831 125 1500 689 1505 2842 2870 2843 1506 2876 690 2871 2845 1507 2877 2878 2879 
132 2750 1497 1498 2751 1524 379 380 1525 2870 2843 2838 1506 1503 2876 1508 2849 1560 1552 383 1562 2878 2874 2850 1509 2880 1563 2881 
133 652 122 123 653 2751 1498 1499 2752 689 682 2842 126 1505 691 1510 2853 2876 2854 1511 2882 692 2877 2856 1512 2883 2884 2885 
134 2751 1498 1499 2752 1525 380 381 1526 2876 2854 2849 1511 1508 2882 1513 2860 1562 1555 384 1564 2884 2880 2861 1514 2886 1565 2887 
135 653 123 13 116 2752 1499 369 1478 691 685 2853 127 1510 120 370 1490 2882 2864 1515 1494 693 2883 2865 1516 1495 2888 2889 
136 2752 1499 369 1478 1526 381 36 374 2882 2864 2860 1515 1513 1494 371 1492 1564 1558 385 378 2888 2886 2868 1517 1496 1566 2890 
3 5 12 32
137 12 114 694 130 359 1476 2891 1569 117 134 360 703 1480 704 2900 1580 1479 1585 2901 2902 705 1481 1586 2903 2904 2905 2906 
138 359 1476 2891 1569 35 372 1630 391 1479 1585 361 2901 1482 2902 2907 1583 375 395 1639 1640 2905 1483 1587 2908 2909 1641 2910 
139 130 694 695 129 1569 2891 2892 1568 704 133 1580 706 2900 707 2911 1575 2902 1581 2912 2913 708 2904 1582 2914 2915 2916 2917 
140 1569 2891 2892 1568 391 1630 1631 390 2902 1581 1583 2912 2907 2913 2918 1578 1640 394 1642 1643 2916 2909 1584 2919 2920 1644 2921 
141 129 695 696 128 1568 2892 2893 1567 707 132 1575 709 2911 710 2922 1570 2913 1576 2923 2924 711 2915 1577 2925 2926 2927 2928 
142 1568 2892 2893 1567 390 1631 1632 389 2913 1576 1578 2923 2918 2924 2929 1573 1643 393 1645 1646 2927 2920 1579 2930 2931 1647 2932 
143 128 696 135 14 1567 2893 1588 386 710 131 1570 712 2922 138 1592 387 2924 1571 2933 1591 713 2926 1572 2934 1593 2935 2936 
144 1567 2893 1588 386 389 1632 399 37 2924 1571 1573 2933 2929 1591 1594 388 1646 392 1648 402 2935 2931 1574 2937 1595 1649 2938 
145 114 115 697 694 1476 1477 2894 2891 118 703 1480 714 1485 715 2939 2900 1484 2901 2940 2941 716 1486 2903 2942 2943 2944 2945 
146 1476 1477 2894 2891 372 373 1633 1630 1484 2901 1482 2940 1487 2941 2946 2907 376 1639 1650 1651 2944 1488 2908 2947 2948 1652 2949 
147 694 697 698 695 2891 2894 2895 2892 715 706 2900 717 2939 718 2950 2911 2941 2912 2951 2952 719 2943 2914 2953 2954 2955 2956 
148 2891 2894 2895 2892 1630 1633 1634 1631 2941 2912 2907 2951 2946 2952 2957 2918 1651 1642 1653 1654 2955 2948 2919 2958 2959 1655 2960 
149 695 698 699 696 2892 2895 2896 2893 718 709 2911 720 2950 721 2961 2922 2952 2923 2962 2963 722 2954 2925 2964 2965 2966 2967 
150 2892 2895 2896 2893 1631 1634 1635 1632 2952 2923 2918 2962 2957 2963 2968 2929 1654 1645 1656 1657 2966 2959 2930 2969 2970 1658 2971 
151 696 699 136 135 2893 2896 1589 1588 721 712 2922 723 2961 139 1597 1592 2963 2933 2972 1596 724 2965 2934 2973 1598 2974 2975 
152 2893 2896 1589 1588 1632 1635 400 399 2963 2933 2929 2972 2968 1596 1599 1594 1657 1648 1659 403 2974 2970 2937 2976 1600 1660 2977 
153 115 116 700 697 1477 1478 2897 2894 119 714 1485 725 1490 726 2978 2939 1489 2940 2979 2980 727 1491 2942 2981 2982 2983 2984 
154 1477 1478 2897 2894 373 374 1636 1633 1489 2940 1487 2979 1492 2980 2985 2946 377 1650 1661 1662 2983 1493 2947 2986 2987 1663 2988 
155 697 700 701 698 2894 2897 2898 2895 726 717 2939 728 2978 729 2989 2950 2980 2951 2990 2991 730 2982 2953 2992 2993 2994 2995 
156 2894 2897 2898 2895 1633 1636 1637 1634 2980 2951 2946 2990 2985 2991 2996 2957 1662 1653 1664 1665 2994 2987 2958 2997 2998 1666 2999 
157 698 701 702 699 2895 2898 2899 2896 729 720 2950 731 2989 732 3000 2961 2991 2962 3001 3002 733 2993 2964 3003 3004 3005 3006 
158 2895 2898 2899 2896 1634 1637 1638 1635 2991 2962 2957 3001 2996 3002 3007 2968 1665 1656 1667 1668 3005 2998 2969 3008 3009 1669 3010 
159 699 702 137 136 2896 2899 1590 1589 732 723 2961 734 3000 140 1602 1597 3002 2972 3011 1601 735 3004 2973 3012 1603 3013 3014 
160 2896 2899 1590 1589 1635 1638 401 400 3002 2972 2968 3011 3007 1601 1604 1599 1668 1659 1670 404 3013 3009 2976 3015 1605 1671 3016 
161 116 13 142 700 1478 369 1609 2897 120 725 1490 145 370 736 1612 2978 1494 2979 1613 3017 737 1495 2981 1614 3018 3019 3020 
162 1478 369 1609 2897 374 36 406 1636 1494 2979 1492 1613 371 3017 1615 2985 378 1661 409 1672 3019 1496 2986 1616 3021 1673 3022 
163 700 142 143 701 2897 1609 1610 2898 736 728 2978 146 1612 738 1617 2989 3017 2990 1618 3023 739 3018 2992 1619 3024 3025 3026 
164 2897 1609 1610 2898 1636 406 407 1637 3017 2990 2985 1618 1615 3023 1620 2996 1672 1664 410 1674 3025 3021 2997 1621 3027 1675 3028 
165 701 143 144 702 2898 1610 1611 2899 738 731 2989 147 1617 740 1622 3000 3023 3001 1623 3029 741 3024 3003 1624 3030 3031 3032 
166 2898 1610 1611 2899 1637 407 408 1638 3023 3001 2996 1623 1620 3029 1625 3007 1674 1667 411 1676 3031 3027 3008 1626 3033 1677 3034 
167 702 144 15 137 2899 1611 396 1590 740 734 3000 148 1622 141 397 1602 3029 3011 1627 1606 742 3030 3012 1628 1607 3035 3036 
168 2899 1611 396 1590 1638 408 38 401 3029 3011 3007 1627 1625 1606 398 1604 1676 1670 412 405 3035 3033 3015 1629 1608 1678 3037 
3 6 12 32
169 743 128 14 165 3038 1567 386 1723 753 752 3047 131 1570 169 387 1735 3048 3049 1571 1739 754 3050 3051 1572 1740 3052 3053 
170 3038 1567 386 1723 1742 389 37 435 3048 3049 3054 1571 1573 1739 388 1737 1752 1751 392 439 3052 3055 3056 1574 1741 1753 3057 
171 744 743 165 164 3039 3038 1723 1722 756 755 3058 752 3047 168 1735 1730 3059 3060 3049 1734 757 3061 3062 3051 1736 3063 3064 
172 3039 3038 1723 1722 1743 1742 435 434 3059 3060 3065 3049 3054 1734 1737 1732 1755 1754 1751 438 3063 3066 3067 3056 1738 1756 3068 
173 745 744 164 163 3040 3039 1722 1721 759 758 3069 755 3058 167 1730 1725 3070 3071 3060 1729 760 3072 3073 3062 1731 3074 3075 
174 3040 3039 1722 1721 1744 1743 434 433 3070 3071 3076 3060 3065 1729 1732 1727 1758 1757 1754 437 3074 3077 3078 3067 1733 1759 3079 
175 156 745 163 17 1700 3040 1721 423 761 159 1703 758 3069 166 1725 424 3080 1704 3071 1724 762 3081 1705 3073 1726 3082 3083 
176 1700 3040 1721 423 426 1744 433 40 3080 1704 1706 3071 3076 1724 1727 425 1760 429 1757 436 3082 3084 1707 3078 1728 1761 3085 
177 746 129 128 743 3041 1568 1567 3038 764 763 3086 132 1575 753 1570 3047 3087 3088 1576 3048 765 3089 3090 1577 3050 3091 3092 
178 3041 1568 1567 3038 1745 390 389 1742 3087 3088 3093 1576 1578 3048 1573 3054 1763 1762 393 1752 3091 3094 3095 1579 3055 1764 3096 
179 747 746 743 744 3042 3041 3038 3039 767 766 3097 763 3086 756 3047 3058 3098 3099 3088 3059 768 3100 3101 3090 3061 3102 3103 
180 3042 3041 3038 3039 1746 1745 1742 1743 3098 3099 3104 3088 3093 3059 3054 3065 1766 1765 1762 1755 3102 3105 3106 3095 3066 1767 3107 
181 748 747 744 745 3043 3042 3039 3040 770 769 3108 766 3097 759 3058 3069 3109 3110 3099 3070 771 3111 3112 3101 3072 3113 3114 
182 3043 3042 3039 3040 1747 1746 1743 1744 3109 3110 3115 3099 3104 3070 3065 3076 1769 1768 1765 1758 3113 3116 3117 3106 3077 1770 3118 
183 157 748 745 156 1701 3043 3040 1700 772 160 1708 769 3108 761 3069 1703 3119 1709 3110 3080 773 3120 1710 3112 3081 3121 3122 
184 1701 3043 3040 1700 427 1747 1744 426 3119 1709 1711 3110 3115 3080 3076 1706 1771 430 1768 1760 3121 3123 1712 3117 3084 1772 3124 
185 749 130 129 746 3044 1569 1568 3041 775 774 3125 133 1580 764 1575 3086 3126 3127 1581 3087 776 3128 3129 1582 3089 3130 3131 
186 3044 1569 1568 3041 1748 391 390 1745 3126 3127 3132 1581 1583 3087 1578 3093 1774 1773 394 1763 3130 3133 3134 1584 3094 1775 3135 
187 750 749 746 747 3045 3044 3041 3042 778 777 3136 774 3125 767 3086 3097 3137 3138 3127 3098 779 3139 3140 3129 3100 3141 3142 
188 3045 3044 3041 3042 1749 1748 1745 1746 3137 3138 3143 3127 3132 3098 3093 3104 1777 1776 1773 1766 3141 3144 3145 3134 3105 1778 3146 
189 751 750 747 748 3046 3045 3042 3043 781 780 3147 777 3136 770 3097 3108 3148 3149 3138 3109 782 3150 3151 3140 3111 3152 3153 
190 3046 3045 3042 3043 1750 1749 1746 1747 3148 3149 3154 3138 3143 3109 3104 3115 1780 1779 1776 1769 3152 3155 3156 3145 3116 1781 3157 
191 158 751 748 157 1702 3046 3043 1701 783 161 1713 780 3147 772 3108 1708 3158 1714 3149 3119 784 3159 1715 3151 3120 3160 3161 
192 1702 3046 3043 1701 428 1750 1747 427 3158 1714 1716 3149 3154 3119 3115 1711 1782 431 1779 1771 3160 3162 1717 3156 3123 1783 3163 
193 151 12 130 749 1681 359 1569 3044 155 785 1692 134 360 775 1580 3125 1697 3164 1585 3126 786 1698 3165 1586 3128 3166 3167 
194 1681 359 1569 3044 418 35 391 1748 1697 3164 1695 1585 361 3126 1583 3132 422 1784 395 1774 3166 1699 3168 1587 3133 1785 3169 
195 150 151 749 750 1680 1681 3044 3045 154 787 1687 785 1692 778 3125 3136 1693 3170 3164 3137 788 1694 3171 3165 3139 3172 3173 
196 1680 1681 3044 3045 417 418 1748 1749 1693 3170 1690 3164 1695 3137 3132 3143 421 1786 1784 1777 3172 1696 3174 3168 3144 1787 3175 
197 149 150 750 751 1679 1680 3045 3046 153 789 1682 787 1687 781 3136 3147 1688 3176 3170 3148 790 1689 3177 3171 3150 3178 3179 
198 1679 1680 3045 3046 416 417 1749 1750 1688 3176 1685 3170 1690 3148 3143 3154 420 1788 1786 1780 3178 1691 3180 3174 3155 1789 3181 
199 16 149 751 158 413 1679 3046 1702 152 162 414 789 1682 783 3147 1713 1683 1718 3176 3158 791 1684 1719 3177 3159 3182 3183 
200 413 1679 3046 1702 39 416 1750 428 1683 1718 415 3176 1685 3158 3154 1716 419 432 1788 1782 3182 1686 1720 3180 3162 1790 3184 
3 7 12 32
201 792 107 12 151 3185 1455 359 1681 802 801 3194 110 1458 155 360 1692 3195 3196 1459 1697 803 3197 3198 1460 1698 3199 3200 
202 3185 1455 359 1681 1833 362 35 418 3195 3196 3201 1459 1461 1697 361 1695 1843 1842 365 422 3199 3202 3203 1462 1699 1844 3204 
203 793 792 151 150 3186 3185 1681 1680 805 804 3205 801 3194 154 1692 1687 3206 3207 3196 1693 806 3208 3209 3198 1694 3210 3211 
204 3186 3185 1681 1680 1834 1833 418 417 3206 3207 3212 3196 3201 1693 1695 1690 1846 1845 1842 421 3210 3213 3214 3203 1696 1847 3215 
205 794 793 150 149 3187 3186 1680 1679 808 807 3216 804 3205 153 1687 1682 3217 3218 3207 1688 809 3219 3220 3209 1689 3221 3222 
206 3187 3186 1680 1679 1835 1834 417 416 3217 3218 3223 3207 3212 1688 1690 1685 1849 1848 1845 420 3221 3224 3225 3214 1691 1850 3226 
207 177 794 149 16 1812 3187 1679 413 810 180 1815 807 3216 152 1682 414 3227 1816 3218 1683 811 3228 1817 3220 1684 3229 3230 
208 1812 3187 1679 413 450 1835 416 39 3227 1816 1818 3218 3223 1683 1685 415 1851 453 1848 419 3229 3231 1819 3225 1686 1852 3232 
209 795 108 107 792 3188 1456 1455 3185 813 812 3233 111 1463 802 1458 3194 3234 3235 1464 3195 814 3236 3237 1465 3197 3238 3239 
210 3188 1456 1455 3185 1836 363 362 1833 3234 3235 3240 1464 1466 3195 1461 3201 1854 1853 366 1843 3238 3241 3242 1467 3202 1855 3243 
211 796 795 792 793 3189 3188 3185 3186 816 815 3244 812 3233 805 3194 3205 3245 3246 3235 3206 817 3247 3248 3237 3208 3249 3250 
212 3189 3188 3185 3186 1837 1836 1833 1834 3245 3246 3251 3235 3240 3206 3201 3212 1857 1856 1853 1846 3249 3252 3253 3242 3213 1858 3254 
213 797 796 793 794 3190 3189 3186 3187 819 818 3255 815 3244 808 3205 3216 3256 3257 3246 3217 820 3258 3259 3248 3219 3260 3261 
214 3190 3189 3186 3187 1838 1837 1834 1835 3256 3257 3262 3246 3251 3217 3212 3223 1860 1859 1856 1849 3260 3263 3264 3253 3224 1861 3265 
215 178 797 794 177 1813 3190 3187 1812 821 181 1820 818 3255 810 3216 1815 3266 1821 3257 3227 822 3267 1822 3259 3228 3268 3269 
216 1813 3190 3187 1812 451 1838 1835 450 3266 1821 1823 3257 3262 3227 3223 1818 1862 454 1859 1851 3268 3270 1824 3264 3231 1863 3271 
217 798 109 108 795 3191 1457 1456 3188 824 823 3272 112 1468 813 1463 3233 3273 3274 1469 3234 825 3275 3276 1470 3236 3277 3278 
218 3191 1457 1456 3188 1839 364 363 1836 3273 3274 3279 1469 1471 3234 1466 3240 1865 1864 367 1854 3277 3280 3281 1472 3241 1866 3282 
219 799 798 795 796 3192 3191 3188 3189 827 826 3283 823 3272 816 3233 3244 3284 3285 3274 3245 828 3286 3287 3276 3247 3288 3289 
220 3192 3191 3188 3189 1840 1839 1836 1837 3284 3285 3290 3274 3279 3245 3240 3251 1868 1867 1864 1857 3288 3291 3292 3281 3252 1869 3293 
221 800 799 796 797 3193 3192 3189 3190 830 829 3294 826 3283 819 3244 3255 3295 3296 3285 3256 831 3297 3298 3287 3258 3299 3300 
222 3193 3192 3189 3190 1841 1840 1837 1838 3295 3296 3301 3285 3290 3256 3251 3262 1871 1870 1867 1860 3299 3302 3303 3292 3263 1872 3304 
223 179 800 797 178 1814 3193 3190 1813 832 182 1825 829 3294 821 3255 1820 3305 1826 3296 3266 833 3306 1827 3298 3267 3307 3308 
224 1814 3193 3190 1813 452 1841 1838 451 3305 1826 1828 3296 3301 3266 3262 1823 1873 455 1870 1862 3307 3309 1829 3303 3270 1874 3310 
225 172 9 109 798 1793 326 1457 3191 176 834 1804 113 327 824 1468 3272 1809 3311 1473 3273 835 1810 3312 1474 3275 3313 3314 
226 1793 326 1457 3191 445 32 364 1839 1809 3311 1807 1473 328 3273 1471 3279 449 1875 368 1865 3313 1811 3315 1475 3280 1876 3316 
227 171 172 798 799 1792 1793 3191 3192 175 836 1799 834 1804 827 3272 3283 1805 3317 3311 3284 837 1806 3318 3312 3286 3319 3320 
228 1792 1793 3191 3192 444 445 1839 1840 1805 3317 1802 3311 1807 3284 3279 3290 448 1877 1875 1868 3319 1808 3321 3315 3291 1878 3322 
229 170 171 799 800 1791 1792 3192 3193 174 838 1794 836 1799 830 3283 3294 1800 3323 3317 3295 839 1801 3324 3318 3297 3325 3326 
230 1791 1792 3192 3193 443 444 1840 1841 1800 3323 1797 3317 1802 3295 3290 3301 447 1879 1877 1871 3325 1803 3327 3321 3302 1880 3328 
231 18 170 800 179 440 1791 3193 1814 173 183 441 838 1794 832 3294 1825 1795 1830 3323 3305 840 1796 1831 3324 3306 3329 3330 
232 440 1791 3193 1814 41 443 1841 452 1795 1830 442 3323 1797 3305 3301 1828 446 456 1879 1873 3329 1798 1832 3327 3309 1881 3331 
3 8 12 32
233 9 172 841 83 326 1793 3332 1334 176 86 327 850 1804 851 3341 1337 1809 1338 3342 3343 852 1810 1339 3344 3345 3346 3347 
234 326 1793 3332 1334 32 445 1912 329 1809 1338 328 3342 1807 3343 3348 1340 449 332 1921 1922 3346 1811 1341 3349 3350 1923 3351 
235 83 841 842 84 1334 3332 3333 1335 851 87 1337 853 3341 854 3352 1342 3343 1343 3353 3354 855 3345 1344 3355 3356 3357 3358 
236 1334 3332 3333 1335 329 1912 1913 330 3343 1343 1340 3353 3348 3354 3359 1345 1922 333 1924 1925 3357 3350 1346 3360 3361 1926 3362 
237 84 842 843 85 1335 3333 3334 1336 854 88 1342 856 3352 857 3363 1347 3354 1348 3364 3365 858 3356 1349 3366 3367 3368 3369 
238 1335 3333 3334 1336 330 1913 1914 331 3354 1348 1345 3364 3359 3365 3370 1350 1925 334 1927 1928 3368 3361 1351 3371 3372 1929 3373 
239 85 843 184 7 1336 3334 1882 317 857 89 1347 859 3363 186 1883 318 3365 1352 3374 1888 860 3367 1353 3375 1889 3376 3377 
240 1336 3334 1882 317 331 1914 457 30 3365 1352 1350 3374 3370 1888 1886 319 1928 335 1930 459 3376 3372 1354 3378 1890 1931 3379 
241 172 171 844 841 1793 1792 3335 3332 175 850 1804 861 1799 862 3380 3341 1805 3342 3381 3382 863 1806 3344 3383 3384 3385 3386 
242 1793 1792 3335 3332 445 444 1915 1912 1805 3342 1807 3381 1802 3382 3387 3348 448 1921 1932 1933 3385 1808 3349 3388 3389 1934 3390 
243 841 844 845 842 3332 3335 3336 3333 862 853 3341 864 3380 865 3391 3352 3382 3353 3392 3393 866 3384 3355 3394 3395 3396 3397 
244 3332 3335 3336 3333 1912 1915 1916 1913 3382 3353 3348 3392 3387 3393 3398 3359 1933 1924 1935 1936 3396 3389 3360 3399 3400 1937 3401 
245 842 845 846 843 3333 3336 3337 3334 865 856 3352 867 3391 868 3402 3363 3393 3364 3403 3404 869 3395 3366 3405 3406 3407 3408 
246 3333 3336 3337 3334 1913 1916 1917 1914 3393 3364 3359 3403 3398 3404 3409 3370 1936 1927 1938 1939 3407 3400 3371 3410 3411 1940 3412 
247 843 846 2 184 3334 3337 269 1882 868 859 3363 870 3402 185 270 1883 3404 3374 3413 1884 871 3406 3375 3414 1885 3415 3416 
248 3334 3337 269 1882 1914 1917 25 457 3404 3374 3370 3413 3409 1884 271 1886 1939 1930 1941 458 3415 3411 3378 3417 1887 1942 3418 
249 171 170 847 844 1792 1791 3338 3335 174 861 1799 872 1794 873 3419 3380 1800 3381 3420 3421 874 1801 3383 3422 3423 3424 3425 
250 1792 1791 3338 3335 444 443 1918 1915 1800 3381 1802 3420 1797 3421 3426 3387 447 1932 1943 1944 3424 1803 3388 3427 3428 1945 3429 
251 844 847 848 845 3335 3338 3339 3336 873 864 3380 875 3419 876 3430 3391 3421 3392 3431 3432 877 3423 3394 3433 3434 3435 3436 
252 3335 3338 3339 3336 1915 1918 1919 1916 3421 3392 3387 3431 3426 3432 3437 3398 1944 1935 1946 1947 3435 3428 3399 3438 3439 1948 3440 
253 845 848 849 846 3336 3339 3340 3337 876 867 3391 878 3430 879 3441 3402 3432 3403 3442 3443 880 3434 3405 3444 3445 3446 3447 
254 3336 3339 3340 3337 1916 1919 1920 1917 3432 3403 3398 3442 3437 3443 3448 3409 1947 1938 1949 1950 3446 3439 3410 3449 3450 1951 3451 
255 846 849 47 2 3337 3340 1184 269 879 870 3402 881 3441 49 1186 270 3443 3413 3452 1190 882 3445 3414 3453 1191 3454 3455 
256 3337 3340 1184 269 1917 1920 272 25 3443 3413 3409 3452 3448 1190 1188 271 1950 1941 1952 274 3454 3450 3417 3456 1192 1953 3457 
257 170 18 187 847 1791 440 1891 3338 173 872 1794 190 441 883 1894 3419 1795 3420 1895 3458 884 1796 3422 1896 3459 3460 3461 
258 1791 440 1891 3338 443 41 460 1918 1795 3420 1797 1895 442 3458 1897 3426 446 1943 463 1954 3460 1798 3427 1898 3462 1955 3463 
259 847 187 188 848 3338 1891 1892 3339 883 875 3419 191 1894 885 1899 3430 3458 3431 1900 3464 886 3459 3433 1901 3465 3466 3467 
260 3338 1891 1892 3339 1918 460 461 1919 3458 3431 3426 1900 1897 3464 1902 3437 1954 1946 464 1956 3466 3462 3438 1903 3468 1957 3469 
261 848 188 189 849 3339 1892 1893 3340 885 878 3430 192 1899 887 1904 3441 3464 3442 1905 3470 888 3465 3444 1906 3471 3472 3473 
262 3339 1892 1893 3340 1919 461 462 1920 3464 3442 3437 1905 1902 3470 1907 3448 1956 1949 465 1958 3472 3468 3449 1908 3474 1959 3475 
263 849 189 1 47 3340 1893 266 1184 887 881 3441 193 1904 48 267 1186 3470 3452 1909 1185 889 3471 3453 1910 1187 3476 3477 
264 3340 1893 266 1184 1920 462 24 272 3470 3452 3448 1909 1907 1185 268 1188 1958 1952 466 273 3476 3474 3456 1911 1189 1960 3478 
3 9 12 32
265 890 194 19 208 3479 1961 467 2003 900 899 3488 197 1965 211 468 2006 3489 3490 1964 2007 901 3491 3492 1966 2008 3493 3494 
266 3479 1961 467 2003 2024 470 42 487 3489 3490 3495 1964 1967 2007 469 2009 2034 2033 473 490 3493 3496 3497 1968 2010 2035 3498 
267 891 890 208 209 3480 3479 2003 2004 903 902 3499 899 3488 212 2006 2011 3500 3501 3490 2012 904 3502 3503 3492 2013 3504 3505 
268 3480 3479 2003 2004 2025 2024 487 488 3500 3501 3506 3490 3495 2012 2009 2014 2037 2036 2033 491 3504 3507 3508 3497 2015 2038 3509 
269 892 891 209 210 3481 3480 2004 2005 906 905 3510 902 3499 213 2011 2016 3511 3512 3501 2017 907 3513 3514 3503 2018 3515 3516 
270 3481 3480 2004 2005 2026 2025 488 489 3511 3512 3517 3501 3506 2017 2014 2019 2040 2039 2036 492 3515 3518 3519 3508 2020 2041 3520 
271 201 892 210 20 1982 3481 2005 477 908 204 1985 905 3510 214 2016 478 3521 1986 3512 2021 909 3522 1987 3514 2022 3523 3524 
272 1982 3481 2005 477 480 2026 489 43 3521 1986 1988 3512 3517 2021 2019 479 2042 483 2039 493 3523 3525 1989 3519 2023 2043 3526 
273 893 195 194 890 3482 1962 1961 3479 911 910 3527 198 1970 900 1965 3488 3528 3529 1969 3489 912 3530 3531 1971 3491 3532 3533 
274 3482 1962 1961 3479 2027 471 470 2024 3528 3529 3534 1969 1972 3489 1967 3495 2045 2044 474 2034 3532 3535 3536 1973 3496 2046 3537 
275 894 893 890 891 3483 3482 3479 3480 914 913 3538 910 3527 903 3488 3499 3539 3540 3529 3500 915 3541 3542 3531 3502 3543 3544 
276 3483 3482 3479 3480 2028 2027 2024 2025 3539 3540 3545 3529 3534 3500 3495 3506 2048 2047 2044 2037 3543 3546 3547 3536 3507 2049 3548 
277 895 894 891 892 3484 3483 3480 3481 917 916 3549 913 3538 906 3499 3510 3550 3551 3540 3511 918 3552 3553 3542 3513 3554 3555 
278 3484 3483 3480 3481 2029 2028 2025 2026 3550 3551 3556 3540 3545 3511 3506 3517 2051 2050 2047 2040 3554 3557 3558 3547 3518 2052 3559 
279 202 895 892 201 1983 3484 3481 1982 919 205 1990 916 3549 908 3510 1985 3560 1991 3551 3521 920 3561 1992 3553 3522 3562 3563 
280 1983 3484 3481 1982 481 2029 2026 480 3560 1991 1993 3551 3556 3521 3517 1988 2053 484 2050 2042 3562 3564 1994 3558 3525 2054 3565 
281 896 196 195 893 3485 1963 1962 3482 922 921 3566 199 1975 911 1970 3527 3567 3568 1974 3528 923 3569 3570 1976 3530 3571 3572 
282 3485 1963 1962 3482 2030 472 471 2027 3567 3568 3573 1974 1977 3528 1972 3534 2056 2055 475 2045 3571 3574 3575 1978 3535 2057 3576 
283 897 896 893 894 3486 3485 3482 3483 925 924 3577 921 3566 914 3527 3538 3578 3579 3568 3539 926 3580 3581 3570 3541 3582 3583 
284 3486 3485 3482 3483 2031 2030 2027 2028 3578 3579 3584 3568 3573 3539 3534 3545 2059 2058 2055 2048 3582 3585 3586 3575 3546 2060 3587 
285 898 897 894 895 3487 3486 3483 3484 928 927 3588 924 3577 917 3538 3549 3589 3590 3579 3550 929 3591 3592 3581 3552 3593 3594 
286 3487 3486 3483 3484 2032 2031 2028 2029 3589 3590 3595 3579 3584 3550 3545 3556 2062 2061 2058 2051 3593 3596 3597 3586 3557 2063 3598 
287 203 898 895 202 1984 3487 3484 1983 930 206 1995 927 3588 919 3549 1990 3599 1996 3590 3560 931 3600 1997 3592 3561 3601 3602 
288 1984 3487 3484 1983 482 2032 2029 481 3599 1996 1998 3590 3595 3560 3556 1993 2064 485 2061 2053 3601 3603 1999 3597 3564 2065 3604 
289 156 17 196 896 1700 423 1963 3485 159 932 1703 200 424 922 1975 3566 1704 3605 1979 3567 933 1705 3606 1980 3569 3607 3608 
290 1700 423 1963 3485 426 40 472 2030 1704 3605 1706 1979 425 3567 1977 3573 429 2066 476 2056 3607 1707 3609 1981 3574 2067 3610 
291 157 156 896 897 1701 1700 3485 3486 160 934 1708 932 1703 925 3566 3577 1709 3611 3605 3578 935 1710 3612 3606 3580 3613 3614 
292 1701 1700 3485 3486 427 426 2030 2031 1709 3611 1711 3605 1706 3578 3573 3584 430 2068 2066 2059 3613 1712 3615 3609 3585 2069 3616 
293 158 157 897 898 1702 1701 3486 3487 161 936 1713 934 1708 928 3577 3588 1714 3617 3611 3589 937 1715 3618 3612 3591 3619 3620 
294 1702 1701 3486 3487 428 427 2031 2032 1714 3617 1716 3611 1711 3589 3584 3595 431 2070 2068 2062 3619 1717 3621 3615 3596 2071 3622 
295 16 158 898 203 413 1702 3487 1984 162 207 414 936 1713 930 3588 1995 1718 2000 3617 3599 938 1719 2001 3618 3600 3623 3624 
296 413 1702 3487 1984 39 428 2032 482 1718 2000 415 3617 1716 3599 3595 1998 432 486 2070 2064 3623 1720 2002 3621 3603 2072 3625 
3 10 12 32
297 939 201 20 222 3626 1982 477 2094 949 948 3635 204 1985 225 478 2097 3636 3637 1986 2098 950 3638 3639 1987 2099 3640 3641 
298 3626 1982 477 2094 2115 480 43 504 3636 3637 3642 1986 1988 2098 479 2100 2125 2124 483 507 3640 3643 3644 1989 2101 2126 3645 
299 940 939 222 223 3627 3626 2094 2095 952 951 3646 948 3635 226 2097 2102 3647 3648 3637 2103 953 3649 3650 3639 2104 3651 3652 
300 3627 3626 2094 2095 2116 2115 504 505 3647 3648 3653 3637 3642 2103 2100 2105 2128 2127 2124 508 3651 3654 3655 3644 2106 2129 3656 
301 941 940 223 224 3628 3627 2095 2096 955 954 3657 951 3646 227 2102 2107 3658 3659 3648 2108 956 3660 3661 3650 2109 3662 3663 
302 3628 3627 2095 2096 2117 2116 505 506 3658 3659 3664 3648 3653 2108 2105 2110 2131 2130 2127 509 3662 3665 3666 3655 2111 2132 3667 
303 215 941 224 21 2073 3628 2096 494 957 218 2076 954 3657 228 2107 495 3668 2077 3659 2112 958 3669 2078 3661 2113 3670 3671 
304 2073 3628 2096 494 497 2117 506 44 3668 2077 2079 3659 3664 2112 2110 496 2133 500 2130 510 3670 3672 2080 3666 2114 2134 3673 
305 942 202 201 939 3629 1983 1982 3626 960 959 3674 205 1990 949 1985 3635 3675 3676 1991 3636 961 3677 3678 1992 3638 3679 3680 
306 3629 1983 1982 3626 2118 481 480 2115 3675 3676 3681 1991 1993 3636 1988 3642 2136 2135 484 2125 3679 3682 3683 1994 3643 2137 3684 
307 943 942 939 940 3630 3629 3626 3627 963 962 3685 959 3674 952 3635 3646 3686 3687 3676 3647 964 3688 3689 3678 3649 3690 3691 
308 3630 3629 3626 3627 2119 2118 2115 2116 3686 3687 3692 3676 3681 3647 3642 3653 2139 2138 2135 2128 3690 3693 3694 3683 3654 2140 3695 
309 944 943 940 941 3631 3630 3627 3628 966 965 3696 962 3685 955 3646 3657 3697 3698 3687 3658 967 3699 3700 3689 3660 3701 3702 
310 3631 3630 3627 3628 2120 2119 2116 2117 3697 3698 3703 3687 3692 3658 3653 3664 2142 2141 2138 2131 3701 3704 3705 3694 3665 2143 3706 
311 216 944 941 215 2074 3631 3628 2073 968 219 2081 965 3696 957 3657 2076 3707 2082 3698 3668 969 3708 2083 3700 3669 3709 3710 
312 2074 3631 3628 2073 498 2120 2117 497 3707 2082 2084 3698 3703 3668 3664 2079 2144 501 2141 2133 3709 3711 2085 3705 3672 2145 3712 
313 945 203 202 942 3632 1984 1983 3629 971 970 3713 206 1995 960 1990 3674 3714 3715 1996 3675 972 3716 3717 1997 3677 3718 3719 
314 3632 1984 1983 3629 2121 482 481 2118 3714 3715 3720 1996 1998 3675 1993 3681 2147 2146 485 2136 3718 3721 3722 1999 3682 2148 3723 
315 946 945 942 943 3633 3632 3629 3630 974 973 3724 970 3713 963 3674 3685 3725 3726 3715 3686 975 3727 3728 3717 3688 3729 3730 
316 3633 3632 3629 3630 2122 2121 2118 2119 3725 3726 3731 3715 3720 3686 3681 3692 2150 2149 2146 2139 3729 3732 3733 3722 3693 2151 3734 
317 947 946 943 944 3634 3633 3630 3631 977 976 3735 973 3724 966 3685 3696 3736 3737 3726 3697 978 3738 3739 3728 3699 3740 3741 
318 3634 3633 3630 3631 2123 2122 2119 2120 3736 3737 3742 3726 3731 3697 3692 3703 2153 2152 2149 2142 3740 3743 3744 3733 3704 2154 3745 
319 217 947 944 216 2075 3634 3631 2074 979 220 2086 976 3735 968 3696 2081 3746 2087 3737 3707 980 3747 2088 3739 3708 3748 3749 
320 2075 3634 3631 2074 499 2123 2120 498 3746 2087 2089 3737 3742 3707 3703 2084 2155 502 2152 2144 3748 3750 2090 3744 3711 2156 3751 
321 177 16 203 945 1812 413 1984 3632 180 981 1815 207 414 971 1995 3713 1816 3752 2000 3714 982 1817 3753 2001 3716 3754 3755 
322 1812 413 1984 3632 450 39 482 2121 1816 3752 1818 2000 415 3714 1998 3720 453 2157 486 2147 3754 1819 3756 2002 3721 2158 3757 
323 178 177 945 946 1813 1812 3632 3633 181 983 1820 981 1815 974 3713 3724 1821 3758 3752 3725 984 1822 3759 3753 3727 3760 3761 
324 1813 1812 3632 3633 451 450 2121 2122 1821 3758 1823 3752 1818 3725 3720 3731 454 2159 2157 2150 3760 1824 3762 3756 3732 2160 3763 
325 179 178 946 947 1814 1813 3633 3634 182 985 1825 983 1820 977 3724 3735 1826 3764 3758 3736 986 1827 3765 3759 3738 3766 3767 
326 1814 1813 3633 3634 452 451 2122 2123 1826 3764 1828 3758 1823 3736 3731 3742 455 2161 2159 2153 3766 1829 3768 3762 3743 2162 3769 
327 18 179 947 217 440 1814 3634 2075 183 221 441 985 1825 979 3735 2086 1830 2091 3764 3746 987 1831 2092 3765 3747 3770 3771 
328 440 1814 3634 2075 41 452 2123 499 1830 2091 442 3764 1828 3746 3742 2089 456 503 2161 2155 3770 1832 2093 3768 3750 2163 3772 
3 11 12 32
329 988 187 18 217 3773 1891 440 2075 998 997 3782 190 1894 221 441 2086 3783 3784 1895 2091 999 3785 3786 1896 2092 3787 3788 
330 3773 1891 440 2075 2194 460 41 499 3783 3784 3789 1895 1897 2091 442 2089 2204 2203 463 503 3787 3790 3791 1898 2093 2205 3792 
331 989 988 217 216 3774 3773 2075 2074 1001 1000 3793 997 3782 220 2086 2081 3794 3795 3784 2087 1002 3796 3797 3786 2088 3798 3799 
332 3774 3773 2075 2074 2195 2194 499 498 3794 3795 3800 3784 3789 2087 2089 2084 2207 2206 2203 502 3798 3801 3802 3791 2090 2208 3803 
333 990 989 216 215 3775 3774 2074 2073 1004 1003 3804 1000 3793 219 2081 2076 3805 3806 3795 2082 1005 3807 3808 3797 2083 3809 3810 
334 3775 3774 2074 2073 2196 2195 498 497 3805 3806 3811 3795 3800 2082 2084 2079 2210 2209 2206 501 3809 3812 3813 3802 2085 2211 3814 
335 232 990 215 21 2173 3775 2073 494 1006 235 2176 1003 3804 218 2076 495 3815 2177 3806 2077 1007 3816 2178 3808 2078 3817 3818 
336 2173 3775 2073 494 517 2196 497 44 3815 2177 2179 3806 3811 2077 2079 496 2212 520 2209 500 3817 3819 2180 3813 2080 2213 3820 
337 991 188 187 988 3776 1892 1891 3773 1009 1008 3821 191 1899 998 1894 3782 3822 3823 1900 3783 1010 3824 3825 1901 3785 3826 3827 
338 3776 1892 1891 3773 2197 461 460 2194 3822 3823 3828 1900 1902 3783 1897 3789 2215 2214 464 2204 3826 3829 3830 1903 3790 2216 3831 
339 992 991 988 989 3777 3776 3773 3774 1012 1011 3832 1008 3821 1001 3782 3793 3833 3834 3823 3794 1013 3835 3836 3825 3796 3837 3838 
340 3777 3776 3773 3774 2198 2197 2194 2195 3833 3834 3839 3823 3828 3794 3789 3800 2218 2217 2214 2207 3837 3840 3841 3830 3801 2219 3842 
341 993 992 989 990 3778 3777 3774 3775 1015 1014 3843 1011 3832 1004 3793 3804 3844 3845 3834 3805 1016 3846 3847 3836 3807 3848 3849 
342 3778 3777 3774 3775 2199 2198 2195 2196 3844 3845 3850 3834 3839 3805 3800 3811 2221 2220 2217 2210 3848 3851 3852 3841 3812 2222 3853 
343 233 993 990 232 2174 3778 3775 2173 1017 236 2181 1014 3843 1006 3804 2176 3854 2182 3845 3815 1018 3855 2183 3847 3816 3856 3857 
344 2174 3778 3775 2173 518 2199 2196 517 3854 2182 2184 3845 3850 3815 3811 2179 2223 521 2220 2212 3856 3858 2185 3852 3819 2224 3859 
345 994 189 188 991 3779 1893 1892 3776 1020 1019 3860 192 1904 1009 1899 3821 3861 3862 1905 3822 1021 3863 3864 1906 3824 3865 3866 
346 3779 1893 1892 3776 2200 462 461 2197 3861 3862 3867 1905 1907 3822 1902 3828 2226 2225 465 2215 3865 3868 3869 1908 3829 2227 3870 
347 995 994 991 992 3780 3779 3776 3777 1023 1022 3871 1019 3860 1012 3821 3832 3872 3873 3862 3833 1024 3874 3875 3864 3835 3876 3877 
348 3780 3779 3776 3777 2201 2200 2197 2198 3872 3873 3878 3862 3867 3833 3828 3839 2229 2228 2225 2218 3876 3879 3880 3869 3840 2230 3881 
349 996 995 992 993 3781 3780 3777 3778 1026 1025 3882 1022 3871 1015 3832 3843 3883 3884 3873 3844 1027 3885 3886 3875 3846 3887 3888 
350 3781 3780 3777 3778 2202 2201 2198 2199 3883 3884 3889 3873 3878 3844 3839 3850 2232 2231 2228 2221 3887 3890 3891 3880 3851 2233 3892 
351 234 996 993 233 2175 3781 3778 2174 1028 237 2186 1025 3882 1017 3843 2181 3893 2187 3884 3854 1029 3894 2188 3886 3855 3895 3896 
352 2175 3781 3778 2174 519 2202 2199 518 3893 2187 2189 3884 3889 3854 3850 2184 2234 522 2231 2223 3895 3897 2190 3891 3858 2235 3898 
353 50 1 189 994 1265 266 1893 3779 52 1030 1267 193 267 1020 1904 3860 1271 3899 1909 3861 1031 1272 3900 1910 3863 3901 3902 
354 1265 266 1893 3779 301 24 462 2200 1271 3899 1269 1909 268 3861 1907 3867 303 2236 466 2226 3901 1273 3903 1911 3868 2237 3904 
355 3 50 994 995 298 1265 3779 3780 51 1032 299 1030 1267 1023 3860 3871 1266 3905 3899 3872 1033 1268 3906 3900 3874 3907 3908 
356 298 1265 3779 3780 28 301 2200 2201 1266 3905 300 3899 1269 3872 3867 3878 302 2238 2236 2229 3907 1270 3909 3903 3879 2239 3910 
357 229 3 995 996 2164 298 3780 3781 231 1034 2165 1032 299 1026 3871 3882 2170 3911 3905 3883 1035 2171 3912 3906 3885 3913 3914 
358 2164 298 3780 3781 514 28 2201 2202 2170 3911 2168 3905 300 3883 3878 3889 516 2240 2238 2232 3913 2172 3915 3909 3890 2241 3916 
359 22 229 996 234 511 2164 3781 2175 230 238 512 1034 2165 1028 3882 2186 2166 2191 3911 3893 1036 2167 2192 3912 3894 3917 3918 
360 511 2164 3781 2175 45 514 2202 519 2166 2191 513 3911 2168 3893 3889 2189 515 523 2240 2234 3917 2169 2193 3915 3897 2242 3919 
3 12 12 32
361 1037 232 21 241 3920 2173 494 2245 1047 1046 3929 235 2176 245 495 2257 3930 3931 2177 2261 1048 3932 3933 2178 2262 3934 3935 
362 3920 2173 494 2245 2282 517 44 526 3930 3931 3936 2177 2179 2261 496 2259 2292 2291 520 530 3934 3937 3938 2180 2263 2293 3939 
363 1038 1037 241 240 3921 3920 2245 2244 1050 1049 3940 1046 3929 244 2257 2252 3941 3942 3931 2256 1051 3943 3944 3933 2258 3945 3946 
364 3921 3920 2245 2244 2283 2282 526 525 3941 3942 3947 3931 3936 2256 2259 2254 2295 2294 2291 529 3945 3948 3949 3938 2260 2296 3950 
365 1039 1038 240 239 3922 3921 2244 2243 1053 1052 3951 1049 3940 243 2252 2247 3952 3953 3942 2251 1054 3954 3955 3944 2253 3956 3957 
366 3922 3921 2244 2243 2284 2283 525 524 3952 3953 3958 3942 3947 2251 2254 2249 2298 2297 2294 528 3956 3959 3960 3949 2255 2299 3961 
367 99 1039 239 10 1378 3922 2243 336 1055 103 1389 1052 3951 242 2247 337 3962 1394 3953 2246 1056 3963 1395 3955 2248 3964 3965 
368 1378 3922 2243 336 351 2284 524 33 3962 1394 1392 3953 3958 2246 2249 338 2300 355 2297 527 3964 3966 1396 3960 2250 2301 3967 
369 1040 233 232 1037 3923 2174 2173 3920 1058 1057 3968 236 2181 1047 2176 3929 3969 3970 2182 3930 1059 3971 3972 2183 3932 3973 3974 
370 3923 2174 2173 3920 2285 518 517 2282 3969 3970 3975 2182 2184 3930 2179 3936 2303 2302 521 2292 3973 3976 3977 2185 3937 2304 3978 
371 1041 1040 1037 1038 3924 3923 3920 3921 1061 1060 3979 1057 3968 1050 3929 3940 3980 3981 3970 3941 1062 3982 3983 3972 3943 3984 3985 
372 3924 3923 3920 3921 2286 2285 2282 2283 3980 3981 3986 3970 3975 3941 3936 3947 2306 2305 2302 2295 3984 3987 3988 3977 3948 2307 3989 
373 1042 1041 1038 1039 3925 3924 3921 3922 1064 1063 3990 1060 3979 1053 3940 3951 3991 3992 3981 3952 1065 3993 3994 3983 3954 3995 3996 
374 3925 3924 3921 3922 2287 2286 2283 2284 3991 3992 3997 3981 3986 3952 3947 3958 2309 2308 2305 2298 3995 3998 3999 3988 3959 2310 4000 
375 98 1042 1039 99 1377 3925 3922 1378 1066 102 1384 1063 3990 1055 3951 1389 4001 1390 3992 3962 1067 4002 1391 3994 3963 4003 4004 
376 1377 3925 3922 1378 350 2287 2284 351 4001 1390 1387 3992 3997 3962 3958 1392 2311 354 2308 2300 4003 4005 1393 3999 3966 2312 4006 
377 1043 234 233 1040 3926 2175 2174 3923 1069 1068 4007 237 2186 1058 2181 3968 4008 4009 2187 3969 1070 4010 4011 2188 3971 4012 4013 
378 3926 2175 2174 3923 2288 519 518 2285 4008 4009 4014 2187 2189 3969 2184 3975 2314 2313 522 2303 4012 4015 4016 2190 3976 2315 4017 
379 1044 1043 1040 1041 3927 3926 3923 3924 1072 1071 4018 1068 4007 1061 3968 3979 4019 4020 4009 3980 1073 4021 4022 4011 3982 4023 4024 
380 3927 3926 3923 3924 2289 2288 2285 2286 4019 4020 4025 4009 4014 3980 3975 3986 2317 2316 2313 2306 4023 4026 4027 4016 3987 2318 4028 
381 1045 1044 1041 1042 3928 3927 3924 3925 1075 1074 4029 1071 4018 1064 3979 3990 4030 4031 4020 3991 1076 4032 4033 4022 3993 4034 4035 
382 3928 3927 3924 3925 2290 2289 2286 2287 4030 4031 4036 4020 4025 3991 3986 3997 2320 2319 2316 2309 4034 4037 4038 4027 3998 2321 4039 
383 97 1045 1042 98 1376 3928 3925 1377 1077 101 1379 1074 4029 1066 3990 1384 4040 1385 4031 4001 1078 4041 1386 4033 4002 4042 4043 
384 1376 3928 3925 1377 349 2290 2287 350 4040 1385 1382 4031 4036 4001 3997 1387 2322 353 2319 2311 4042 4044 1388 4038 4005 2323 4045 
385 246 22 234 1043 2264 511 2175 3926 248 1079 2265 238 512 1069 2186 4007 2270 4046 2191 4008 1080 2271 4047 2192 4010 4048 4049 
386 2264 511 2175 3926 534 45 519 2288 2270 4046 2268 2191 513 4008 2189 4014 536 2324 523 2314 4048 2272 4050 2193 4015 2325 4051 
387 23 246 1043 1044 531 2264 3926 3927 247 1081 532 1079 2265 1072 4007 4018 2266 4052 4046 4019 1082 2267 4053 4047 4021 4054 4055 
388 531 2264 3926 3927 46 534 2288 2289 2266 4052 533 4046 2268 4019 4014 4025 535 2326 2324 2317 4054 2269 4056 4050 4026 2327 4057 
389 249 23 1044 1045 2273 531 3927 3928 251 1083 2274 1081 532 1075 4018 4029 2279 4058 4052 4030 1084 2280 4059 4053 4032 4060 4061 
390 2273 531 3927 3928 537 46 2289 2290 2279 4058 2277 4052 533 4030 4025 4036 539 2328 2326 2320 4060 2281 4062 4056 4037 2329 4063 
391 11 249 1045 97 346 2273 3928 1376 250 100 347 1083 2274 1077 4029 1379 2275 1380 4058 4040 1085 2276 1381 4059 4041 4064 4065 
392 346 2273 3928 1376 34 537 2290 349 2275 1380 348 4058 2277 4040 4036 1382 538 352 2328 2322 4064 2278 1383 4062 4044 2330 4066 
3 13 12 32
393 1086 121 10 239 4067 1497 336 2243 1096 1095 4076 124 1500 242 337 2247 4077 4078 1501 2246 1097 4079 4080 1502 2248 4081 4082 
394 4067 1497 336 2243 2352 379 33 524 4077 4078 4083 1501 1503 2246 338 2249 2362 2361 382 527 4081 4084 4085 1504 2250 2363 4086 
395 1087 1086 239 240 4068 4067 2243 2244 1099 1098 4087 1095 4076 243 2247 2252 4088 4089 4078 2251 1100 4090 4091 4080 2253 4092 4093 
396 4068 4067 2243 2244 2353 2352 524 525 4088 4089 4094 4078 4083 2251 2249 2254 2365 2364 2361 528 4092 4095 4096 4085 2255 2366 4097 
397 1088 1087 240 241 4069 4068 2244 2245 1102 1101 4098 1098 4087 244 2252 2257 4099 4100 4089 2256 1103 4101 4102 4091 2258 4103 4104 
398 4069 4068 2244 2245 2354 2353 525 526 4099 4100 4105 4089 4094 2256 2254 2259 2368 2367 2364 529 4103 4106 4107 4096 2260 2369 4108 
399 224 1088 241 21 2096 4069 2245 494 1104 228 2107 1101 4098 245 2257 495 4109 2112 4100 2261 1105 4110 2113 4102 2262 4111 4112 
400 2096 4069 2245 494 506 2354 526 44 4109 2112 2110 4100 4105 2261 2259 496 2370 510 2367 530 4111 4113 2114 4107 2263 2371 4114 
401 1089 122 121 1086 4070 1498 1497 4067 1107 1106 4115 125 1505 1096 1500 4076 4116 4117 1506 4077 1108 4118 4119 1507 4079 4120 4121 
402 4070 1498 1497 4067 2355 380 379 2352 4116 4117 4122 1506 1508 4077 1503 4083 2373 2372 383 2362 4120 4123 4124 1509 4084 2374 4125 
403 1090 1089 1086 1087 4071 4070 4067 4068 1110 1109 4126 1106 4115 1099 4076 4087 4127 4128 4117 4088 1111 4129 4130 4119 4090 4131 4132 
404 4071 4070 4067 4068 2356 2355 2352 2353 4127 4128 4133 4117 4122 4088 4083 4094 2376 2375 2372 2365 4131 4134 4135 4124 4095 2377 4136 
405 1091 1090 1087 1088 4072 4071 4068 4069 1113 1112 4137 1109 4126 1102 4087 4098 4138 4139 4128 4099 1114 4140 4141 4130 4101 4142 4143 
406 4072 4071 4068 4069 2357 2356 2353 2354 4138 4139 4144 4128 4133 4099 4094 4105 2379 2378 2375 2368 4142 4145 4146 4135 4106 2380 4147 
407 223 1091 1088 224 2095 4072 4069 2096 1115 227 2102 1112 4137 1104 4098 2107 4148 2108 4139 4109 1116 4149 2109 4141 4110 4150 4151 
408 2095 4072 4069 2096 505 2357 2354 506 4148 2108 2105 4139 4144 4109 4105 2110 2381 509 2378 2370 4150 4152 2111 4146 4113 2382 4153 
409 1092 123 122 1089 4073 1499 1498 4070 1118 1117 4154 126 1510 1107 1505 4115 4155 4156 1511 4116 1119 4157 4158 1512 4118 4159 4160 
410 4073 1499 1498 4070 2358 381 380 2355 4155 4156 4161 1511 1513 4116 1508 4122 2384 2383 384 2373 4159 4162 4163 1514 4123 2385 4164 
411 1093 1092 1089 1090 4074 4073 4070 4071 1121 1120 4165 1117 4154 1110 4115 4126 4166 4167 4156 4127 1122 4168 4169 4158 4129 4170 4171 
412 4074 4073 4070 4071 2359 2358 2355 2356 4166 4167 4172 4156 4161 4127 4122 4133 2387 2386 2383 2376 4170 4173 4174 4163 4134 2388 4175 
413 1094 1093 1090 1091 4075 4074 4071 4072 1124 1123 4176 1120 4165 1113 4126 4137 4177 4178 4167 4138 1125 4179 4180 4169 4140 4181 4182 
414 4075 4074 4071 4072 2360 2359 2356 2357 4177 4178 4183 4167 4172 4138 4133 4144 2390 2389 2386 2379 4181 4184 4185 4174 4145 2391 4186 
415 222 1094 1091 223 2094 4075 4072 2095 1126 226 2097 1123 4176 1115 4137 2102 4187 2103 4178 4148 1127 4188 2104 4180 4149 4189 4190 
416 2094 4075 4072 2095 504 2360 2357 505 4187 2103 2100 4178 4183 4148 4144 2105 2392 508 2389 2381 4189 4191 2106 4185 4152 2393 4192 
417 252 13 123 1092 2331 369 1499 4073 255 1128 2335 127 370 1118 1510 4154 2334 4193 1515 4155 1129 2336 4194 1516 4157 4195 4196 
418 2331 369 1499 4073 540 36 381 2358 2334 4193 2337 1515 371 4155 1513 4161 543 2394 385 2384 4195 2338 4197 1517 4162 2395 4198 
419 253 252 1092 1093 2332 2331 4073 4074 256 1130 2340 1128 2335 1121 4154 4165 2339 4199 4193 4166 1131 2341 4200 4194 4168 4201 4202 
420 2332 2331 4073 4074 541 540 2358 2359 2339 4199 2342 4193 2337 4166 4161 4172 544 2396 2394 2387 4201 2343 4203 4197 4173 2397 4204 
421 254 253 1093 1094 2333 2332 4074 4075 257 1132 2345 1130 2340 1124 4165 4176 2344 4205 4199 4177 1133 2346 4206 4200 4179 4207 4208 
422 2333 2332 4074 4075 542 541 2359 2360 2344 4205 2347 4199 2342 4177 4172 4183 545 2398 2396 2390 4207 2348 4209 4203 4184 2399 4210 
423 20 254 1094 222 477 2333 4075 2094 258 225 478 1132 2345 1126 4176 2097 2349 2098 4205 4187 1134 2350 2099 4206 4188 4211 4212 
424 477 2333 4075 2094 43 542 2360 504 2349 2098 479 4205 2347 4187 4183 2100 546 507 2398 2392 4211 2351 2101 4209 4191 2400 4213 
3 14 12 32
425 1135 142 13 252 4214 1609 369 2331 1145 1144 4223 145 1612 255 370 2335 4224 4225 1613 2334 1146 4226 4227 1614 2336 4228 4229 
426 4214 1609 369 2331 2422 406 36 540 4224 4225 4230 1613 1615 2334 371 2337 2432 2431 409 543 4228 4231 4232 1616 2338 2433 4233 
427 1136 1135 252 253 4215 4214 2331 2332 1148 1147 4234 1144 4223 256 2335 2340 4235 4236 4225 2339 1149 4237 4238 4227 2341 4239 4240 
428 4215 4214 2331 2332 2423 2422 540 541 4235 4236 4241 4225 4230 2339 2337 2342 2435 2434 2431 544 4239 4242 4243 4232 2343 2436 4244 
429 1137 1136 253 254 4216 4215 2332 2333 1151 1150 4245 1147 4234 257 2340 2345 4246 4247 4236 2344 1152 4248 4249 4238 2346 4250 4251 
430 4216 4215 2332 2333 2424 2423 541 542 4246 4247 4252 4236 4241 2344 2342 2347 2438 2437 2434 545 4250 4253 4254 4243 2348 2439 4255 
431 210 1137 254 20 2005 4216 2333 477 1153 214 2016 1150 4245 258 2345 478 4256 2021 4247 2349 1154 4257 2022 4249 2350 4258 4259 
432 2005 4216 2333 477 489 2424 542 43 4256 2021 2019 4247 4252 2349 2347 479 2440 493 2437 546 4258 4260 2023 4254 2351 2441 4261 
433 1138 143 142 1135 4217 1610 1609 4214 1156 1155 4262 146 1617 1145 1612 4223 4263 4264 1618 4224 1157 4265 4266 1619 4226 4267 4268 
434 4217 1610 1609 4214 2425 407 406 2422 4263 4264 4269 1618 1620 4224 1615 4230 2443 2442 410 2432 4267 4270 4271 1621 4231 2444 4272 
435 1139 1138 1135 1136 4218 4217 4214 4215 1159 1158 4273 1155 4262 1148 4223 4234 4274 4275 4264 4235 1160 4276 4277 4266 4237 4278 4279 
436 4218 4217 4214 4215 2426 2425 2422 2423 4274 4275 4280 4264 4269 4235 4230 4241 2446 2445 2442 2435 4278 4281 4282 4271 4242 2447 4283 
437 1140 1139 1136 1137 4219 4218 4215 4216 1162 1161 4284 1158 4273 1151 4234 4245 4285 4286 4275 4246 1163 4287 4288 4277 4248 4289 4290 
438 4219 4218 4215 4216 2427 2426 2423 2424 4285 4286 4291 4275 4280 4246 4241 4252 2449 2448 2445 2438 4289 4292 4293 4282 4253 2450 4294 
439 209 1140 1137 210 2004 4219 4216 2005 1164 213 2011 1161 4284 1153 4245 2016 4295 2017 4286 4256 1165 4296 2018 4288 4257 4297 4298 
440 2004 4219 4216 2005 488 2427 2424 489 4295 2017 2014 4286 4291 4256 4252 2019 2451 492 2448 2440 4297 4299 2020 4293 4260 2452 4300 
441 1141 144 143 1138 4220 1611 1610 4217 1167 1166 4301 147 1622 1156 1617 4262 4302 4303 1623 4263 1168 4304 4305 1624 4265 4306 4307 
442 4220 1611 1610 4217 2428 408 407 2425 4302 4303 4308 1623 1625 4263 1620 4269 2454 2453 411 2443 4306 4309 4310 1626 4270 2455 4311 
443 1142 1141 1138 1139 4221 4220 4217 4218 1170 1169 4312 1166 4301 1159 4262 4273 4313 4314 4303 4274 1171 4315 4316 4305 4276 4317 4318 
444 4221 4220 4217 4218 2429 2428 2425 2426 4313 4314 4319 4303 4308 4274 4269 4280 2457 2456 2453 2446 4317 4320 4321 4310 4281 2458 4322 
445 1143 1142 1139 1140 4222 4221 4218 4219 1173 1172 4323 1169 4312 1162 4273 4284 4324 4325 4314 4285 1174 4326 4327 4316 4287 4328 4329 
446 4222 4221 4218 4219 2430 2429 2426 2427 4324 4325 4330 4314 4319 4285 4280 4291 2460 2459 2456 2449 4328 4331 4332 4321 4292 2461 4333 
447 208 1143 1140 209 2003 4222 4219 2004 1175 212 2006 1172 4323 1164 4284 2011 4334 2012 4325 4295 1176 4335 2013 4327 4296 4336 4337 
448 2003 4222 4219 2004 487 2430 2427 488 4334 2012 2009 4325 4330 4295 4291 2014 2462 491 2459 2451 4336 4338 2015 4332 4299 2463 4339 
449 259 15 144 1141 2401 396 1611 4220 262 1177 2405 148 397 1167 1622 4301 2404 4340 1627 4302 1178 2406 4341 1628 4304 4342 4343 
450 2401 396 1611 4220 547 38 408 2428 2404 4340 2407 1627 398 4302 1625 4308 550 2464 412 2454 4342 2408 4344 1629 4309 2465 4345 
451 260 259 1141 1142 2402 2401 4220 4221 263 1179 2410 1177 2405 1170 4301 4312 2409 4346 4340 4313 1180 2411 4347 4341 4315 4348 4349 
452 2402 2401 4220 4221 548 547 2428 2429 2409 4346 2412 4340 2407 4313 4308 4319 551 2466 2464 2457 4348 2413 4350 4344 4320 2467 4351 
453 261 260 1142 1143 2403 2402 4221 4222 264 1181 2415 1179 2410 1173 4312 4323 2414 4352 4346 4324 1182 2416 4353 4347 4326 4354 4355 
454 2403 2402 4221 4222 549 548 2429 2430 2414 4352 2417 4346 2412 4324 4319 4330 552 2468 2466 2460 4354 2418 4356 4350 4331 2469 4357 
455 19 261 1143 208 467 2403 4222 2003 265 211 468 1181 2415 1175 4323 2006 2419 2007 4352 4334 1183 2420 2008 4353 4335 4358 4359 
456 467 2403 4222 2003 42 549 2430 487 2419 2007 469 4352 2417 4334 4330 2009 553 490 2468 2462 4358 2421 2010 4356 4338 2470 4360 
$EndElements
